mesurement id;Destination;median(min RTT) from Gandi;median(min RTT) from mPlane;median(min RTT) from LISP-Lab;median(min RTT) from FranceIX;median(min RTT) from LIP6;variance from Gandi;variance from mPlane;variance from LISP-Lab;variance from FranceIX;variance from LIP6;Country;Continent
6964280;5.79.69.118;38.582025000000002;16.72297;27.722204999999999;14.140629000000001;72.653582;0.17880932945662764;0.17155133935520991;14.332108297871935;0.032338530222503402;1215.1314416480054;NL;EU
6963713;42.156.162.55;367.28032949999999;354.5462675;350.51390249999997;294.89024499999999;312.34067100000004;5299.5976842993623;4960.3603145188708;2667.843041265849;506.36493829501194;2459.9143546442156;CN;AS
6963655;223.223.182.210;328.34387400000003;345.44881500000002;253.74364499999999;401.116512;299.568443;691.71199853736334;1344.5126035983226;816.63604395143568;2526.4240484833686;12071.949657816791;CN;AS
6964214;172.217.16.68;2.5474570000000001;1.9346449999999999;19.636945000000001;1.6304289999999999;99.955988000000005;277.39527018231934;0.040925830326036791;6.2688283653710197;0.020511105126236669;45827.894796898145;US;NA
6963583;111.206.227.118;387.36852599999997;342.21548250000001;379.12200250000001;375.99114699999996;482.18352049999999;24064.409414782971;1632.1501195237181;1582.8679637308396;2180.4242474449297;3736.093855858197;CN;AS
6964034;121.14.241.75;393.78631899999999;414.69763250000005;339.10212999999999;307.96652900000004;330.13024200000001;45205.699362486092;2584.5329332050537;3809.0886410421308;182.05768700286177;21541.908100258093;CN;AS
6963772;104.20.93.127;4.2048009999999998;1.8446625000000001;36.149032500000004;1.0736965000000001;76.153359499999993;26.694045888852624;1.7394603690767163;11.421779434377566;2.4608197000898677;472.56510618335261;US;NA
6964238;120.134.33.10;295.70693999999997;327.56542000000002;297.53931499999999;317.544331;367.35674599999999;47.069749486714727;8.7550478991056409;614.03999284516556;261.35545505928201;441.79770760999099;CN;AS
6964204;151.101.129.34;10.045442;1.65686;25.097145000000001;1.3008299999999999;65.624077;858.58832940460911;0.037151926191940202;7.894199652312861;0.016245125558278544;35.625256396732595;US;NA
6964080;68.233.77.233;95.529619499999995;95.439715000000007;122.79133250000001;95.1102925;148.21634950000001;264.58745442976078;11.50580025988312;28.394953062840795;10.6490419590681;360.62151803295183;US;NA
6963796;82.165.230.17;24.805637000000001;23.86842;37.160615;16.504148000000001;122.16885600000001;7204.1690440417824;0.053487277991272605;7.3938670081002869;190.90743852245598;2694.4284782010859;DE;EU
6964160;92.122.19.40;9.4533140000000007;8.3698599999999992;19.441120000000002;9.0811299999999999;129.14844199999999;1053.358210864222;0.70906640665397791;6.4723188330556578;0.63731951685231591;28117.048663833873;GB;EU
6964290;165.254.226.65;157.60054400000001;158.70241999999999;178.50374500000001;168.71656200000001;176.441124;1.8110549490545835;0.088901889977079165;6.4199736221978378;46.709977661145849;1363.0305872360668;US;NA
6964100;104.20.69.204;2.1408;1.8050675;36.149462499999998;1.0309455000000001;64.397197000000006;6.6351909953567043;1.8487487517152004;9.7575129719874365;2.6831758348748003;1575.0924229675898;US;NA
6964170;204.155.149.139;110.978326;111.800465;142.66050000000001;129.32906500000001;161.38217700000001;3.6760965728632558;0.87614032777757289;8.5062032647411456;0.3515279773673437;1139.0513225656443;US;NA
6964190;202.102.90.109;408.82030600000002;434.78500500000001;428.09838000000002;355.02909299999999;454.13922700000001;4943.2434243061698;5283.6006153246426;7811.3901998639176;3219.9929112018167;12527.99818577967;CN;AS
6964248;104.28.27.209;6.3237135000000002;2.3574250000000001;35.80142;1.2848204999999999;64.239372500000002;19.959569568577592;17.934104451643581;11.455471031854042;26.259908430137664;85.361689130866935;US;NA
6963917;91.211.75.193;18.620932;16.321940000000001;28.440580000000001;13.706697999999999;151.905822;1152.0121780607549;0.011994052522873673;7.8158206775303176;0.033961788551089708;2969.1247663026397;NL;EU
6963667;54.222.60.218;370.619978;329.13162999999997;384.68649499999998;393.715755;404.64929799999999;1509.663919007824;1657.9873799180421;1475.758731310128;2929.3120676765197;9369.1700411776219;CN;AS
6964314;104.20.66.152;3.561985;1.9375550000000001;36.11262;1.0630364999999999;77.027343500000001;19.004688878642341;1.7425523436279091;11.30910529869983;2.4643463785786723;1015.7542095017416;US;NA
6964411;81.171.123.200;22.010500499999999;17.459534999999999;37.023367499999999;20.667152000000002;149.16559799999999;11.190867053150983;0.038296866197723663;7.3179233244556654;0.69405734617059445;8664.9584784089348;NL;EU
6964435;104.20.43.155;4.6909450000000001;1.7858000000000001;36.367294999999999;1.0944590000000001;66.060300999999995;820.27252645346255;1.5952377841891872;11.845083481337028;2.3174069781085453;13.838228544932926;US;NA
6964326;91.195.49.131;12.7772185;9.6684175000000003;30.655304999999998;10.658858500000001;164.64809750000001;4.3217387570545851;0.017364038302797986;7.3963634944635137;18.533073076145872;20383.398552264374;DE;EU
6963901;104.25.24.99;3.5182090000000001;1.9432499999999999;36.228205000000003;1.064109;73.740302999999997;7.6311198962536437;1.7890838038611807;10.596946100181635;2.4429410414175181;1366.4704802442507;US;NA
6963762;104.20.29.48;1.7022724999999999;1.6770149999999999;35.578559999999996;1.0092194999999999;64.230156999999991;2.6449720630140008;1.9354295651113131;9.1554903263643794;2.5662996984815742;87.31858082511323;US;NA
6964142;193.51.224.8;2.3808009999999999;0.88983999999999996;8.4694900000000004;7.1718529999999996;58.255116999999998;3.7141739964474745;0.00866200208057674;7.1757670922001759;0.0076514712989545226;979.80569766961844;FR;EU
6964102;104.20.1.139;1.6216330000000001;1.671675;35.782420000000002;0.97028650000000005;64.182157000000004;2.4376283400330698;1.803523462518962;9.315715279673185;2.43768668362407;1860.7458663190528;US;NA
6963955;182.253.238.102;189.53514200000001;315.96419749999995;223.33370000000002;201.98277050000002;279.14732049999998;52.997595025287332;796.56189148838621;95.455854454538979;69.816156222585832;167.96658368354414;ID;AS
6963503;114.134.80.162;249.632306;247.33080000000001;227.72371000000001;247.296953;258.43358799999999;843.3731469350007;340.10787538842811;296.11826941351012;347.98496439067191;271.28575822009037;HK;AS
6964260;194.50.69.124;12.169731000000001;9.6136774999999997;30.5318;10.572309499999999;176.29059549999999;114.40655931974841;0.036143765449784211;7.1520519376160898;3.2644235297726336;45136.774114539417;DE;EU
6963615;216.21.13.12;13.110915;15.180530000000001;37.269597500000003;14.7607055;168.857122;198.84756792476426;0.58416801245234129;8.063051281021032;0.02541683204962774;177.20816541855808;US;NA
6963895;212.77.98.9;43.007240499999995;44.948067500000001;51.653207500000001;42.586736500000001;177.846564;886.43733389392969;0.037913098309181797;340.63969056439407;0.012267157138069676;550.30194107250952;PL;EU
6963919;151.101.128.230;9.7186579999999996;1.6763650000000001;24.858012500000001;1.283847;64.566924999999998;1694.7617690492516;0.057905552374978325;47.660111330373688;0.017826952039219683;19135.040246329885;US;NA
6963768;104.94.192.167;2.342784;1.8094625;11.817857499999999;1.3509905;92.248722999999998;538.02677127729282;0.543062727326731;75.010920291480758;0.018591923928775407;6726.4299761417069;US;NA
6964112;176.32.100.45;83.615633000000003;78.75909;95.872327500000011;80.086014000000006;134.09129100000001;1214.0543157519137;0.027825823338206448;85.439511597358361;18.039424198179841;18655.304292435401;NL;EU
6963879;212.97.32.174;29.536134000000001;17.742347500000001;28.65502;17.234869;140.698396;103.35763425834898;0.03466640745091381;9.1436160512200821;1.7658281206871227;7995.5854641241995;IT;EU
6963885;125.6.146.13;228.97310100000001;239.552955;249.95238499999999;270.23905300000001;271.650102;3721.0035908754867;39.417219837408886;28.581722049062748;9.362353271269324;9927.8637323048679;JP;AS
6963911;162.212.41.11;92.710674999999995;96.009325000000004;116.69645;90.499065999999999;158.86160000000001;1143.8810669214602;144.92059636968415;314.88080561937113;275.28024232087938;60038.16693618297;US;NA
6964451;121.40.21.118;367.13325700000001;447.81155999999999;381.24433499999998;347.44493399999999;467.46326099999999;4830.9549852137061;4793.56958052543;3782.5464713869028;3510.0300094176773;58470.484464910704;CN;AS
6964296;220.243.193.127;10.558465999999999;8.3100050000000003;22.736090000000001;9.1952859999999994;126.76841;2416.5609374993796;0.064065221099330522;8.4752678731966817;31.514781132318184;409.99443532980303;CN;AS
6964465;216.33.197.90;80.149264000000002;79.048249999999996;94.959879999999998;86.843761000000001;135.11426700000001;5.8808128947337286;0.030053757303856742;184.65191828426032;30.180751010225997;72399.424817008185;AR;SA
6964437;37.48.119.34;38.589703999999998;14.321664999999999;29.905102500000002;15.288307499999998;67.969166000000001;9.9585403220243691;0.10005099904999197;7.1309830917573818;0.039898181183645444;1378.7078260392313;NL;EU
6964490;49.129.31.76;233.011246;226.51557;273.90330999999998;278.124301;278.36933599999998;4.6713388942172323;38.264934130073385;15.829608532016353;439.96563872301203;89.740986814929826;JP;AS
6963485;172.217.19.131;4.9017615000000001;2.1675075000000001;20.176842499999999;1.3821810000000001;109.83055;2230.4448073406329;0.043231855076654412;7.0055308232865432;0.010387736634401139;523.42459419205261;US;NA
6964423;216.146.46.10;79.683087999999998;78.495622499999996;91.8625325;78.402636000000001;126.50460150000001;4.2290048740737456;0.025949086645108053;7.7647647452924149;19.35772744385979;37.731050618457076;US;NA
6964405;203.66.53.8;275.58840750000002;269.66693750000002;283.19687750000003;294.915978;286.72786600000001;164.01412471164321;102.12803011322383;3.4151540966903187;65.494488764819664;11239.290913353256;TW;AS
6963818;104.24.3.15;3.343105;1.86991;36.444960000000002;1.084219;67.478029000000006;17.448011867675632;1.744131596967796;10.608570616459312;2.4397308237354047;22.780972853043853;US;NA
6964381;54.163.249.107;92.027153999999996;78.80538;92.692075000000003;86.911298000000002;134.55285900000001;272.56796111782904;0.01437087215315064;98.88572597079191;7.4273107848566386;6880.7619406226704;US;NA
6963786;104.23.197.8;4.7385609999999998;1.8479749999999999;35.991934999999998;1.028896;66.832909999999998;3056.0399134301238;1.529848626323929;10.914662415966244;2.4543245193727388;15.748454882695052;US;NA
6963555;72.21.206.80;83.842193000000009;79.169742500000012;93.469125000000005;80.23266799999999;135.091611;45.643029034820621;0.037190366862642814;147.22179463987848;18.604927707008297;96690.474011387618;US;NA
6963966;66.155.40.250;155.769248;146.57632999999998;164.31430749999998;190.406825;166.31734599999999;1.6256380681814198;92.148263783875251;11.996389521906512;0.47013623936427612;417.01467015192014;US;NA
6963501;95.213.11.146;53.3406825;50.170769999999997;73.597297499999996;51.559578999999999;181.8417005;23.905803143800835;0.14455522154268977;20.549345922785697;6.2026888476390889;84.588094052335975;RU;EU
6964070;37.9.239.32;40.786183999999999;19.015294999999998;62.84646;34.143521999999997;181.39549199999999;254.58463549408583;0.05218390990429863;14.392991964370163;13.804075344425549;172.3964943268239;IT;EU
6963949;124.243.192.30;320.68384099999997;328.984195;428.82519000000002;271.97278899999998;407.25435399999998;2036.3526557265197;3469.3839470880657;6640.1705226364602;266.34027485389737;3399.8341581686791;CN;AS
6964074;104.25.174.27;1.94496;1.6747974999999999;35.513327500000003;0.96780700000000008;64.368780999999998;2906.683536636192;1.6383501534540341;12.181108764966879;208.17168162333658;300.81458213177388;US;NA
6963947;192.33.31.51;5.5180809999999996;1.65133;30.298265000000001;1.052265;144.221981;322.78388319686246;0.017791267671534747;7.5397034194958108;0.0096550007130528376;45.984487953213161;US;NA
6963877;123.30.128.195;285.72908150000001;318.979285;359.5726975;281.250607;350.658886;254.89954103852361;272.25209442645405;608.58592652761797;543.84555216042133;5369.1905515509279;VN;AS
6964002;46.20.153.2;59.028492999999997;54.952824999999997;71.184385000000006;55.700297999999997;199.31524099999999;2359.0543627483839;93.282600624620741;70.59264969084947;95.584886708274439;11615.582810664746;TR;AS
6964387;155.64.49.54;137.94818799999999;136.86821;153.40788499999999;153.88199299999999;158.51292799999999;107.60913457169879;0.33016411595965683;12.796586756202371;0.09268630661018476;27.977443673132814;US;NA
6964138;104.20.64.203;1.919233;1.725255;35.875484999999998;1.000858;64.327692999999996;97.877866036146173;1.626521891329779;11.095743301558342;2.4390048131943085;64.490062691514538;US;NA
6963998;208.93.170.15;148.03510199999999;147.05221499999999;162.76137;144.66581400000001;170.965282;6294.5725993924516;0.072164476172895078;17.463009878620763;2.9408651983178991;100.05961271779303;US;NA
6963820;82.165.229.87;25.519877000000001;19.871739999999999;32.986615;12.943806;119.1414;18.813102541000301;0.035322592330891349;7.5007133919147604;2.7296549901929947;1192.1749293790297;DE;EU
6963711;104.27.6.113;1.6250884999999999;1.7101099999999998;35.708537500000006;0.9848905;64.469773000000004;145.20737505042823;1.8918775997930781;11.980113752610579;2.5577359085965337;5195.2155153258118;US;NA
6963617;104.156.81.194;9.8054419999999993;1.5827599999999999;24.911082499999999;1.1889864999999999;64.306573;1.1411636860938315;0.039335742646450615;7.329620777583032;0.021051139866040527;82.428728487103399;US;NA
6964409;192.0.78.24;11.543810000000001;9.6299299999999999;22.220314999999999;10.101697;160.66486499999999;181.3319844530167;0.044570196528434178;6.4968428304213219;13.515644021091326;659.41037059000234;US;NA
6963673;27.133.208.13;228.13982200000001;215.90965499999999;237.00135;262.677122;236.269104;31.076324264669719;14.510579837012166;118.31305820382651;41.797805448493463;7104.0047648997743;JP;AS
6964312;54.231.241.169;182.56362100000001;246.327775;266.54523499999999;184.062038;344.81440400000002;11508.638358225371;0.89192623500009161;349.04515068093275;53.324769281306473;274.17620390719469;US;NA
6964439;104.16.4.13;10.501633999999999;10.380215;36.285760000000003;11.176721000000001;73.423119;22224.338525089883;18.215270419360294;10.871331440145061;25.891079253369828;246.11431763447229;US;NA
6963675;96.43.149.26;79.503376000000003;78.664455000000004;94.588359999999994;93.162854999999993;148.26780600000001;2394.0947304905449;0.047554649735184883;23.954955877551743;13.882627576227321;4754.9217613513729;US;NA
6963759;192.33.31.56;2.7509769999999998;1.5572950000000001;30.107634999999998;0.99521199999999999;138.824476;4.2196782633750693;0.016888220388989107;6.7800710625548311;0.0051070736127971023;455.63332142206093;US;NA
6964044;173.192.117.80;145.0452775;113.4602225;130.09811000000002;118.435622;152.83625499999999;9.7623281053986748;16.353271670240975;8.2814426479896994;0.88083913132892266;36.910104455687396;US;NA
6964383;172.217.18.233;2.7371530000000002;1.656145;19.179870000000001;1.2220219999999999;99.121939999999995;13.737052897873133;0.020028513506606952;8.8598600496114059;0.0080283026626205029;139.65091109868874;US;NA
6964480;92.62.130.180;71.847566;56.702179999999998;84.636167499999999;32.518740999999999;88.989329999999995;8930.144901733227;0.25639096890077578;10.055556397570951;14.250079195806364;7177.7203311366511;LT;EU
6964108;104.101.185.194;2.923009;1.9400900000000001;11.924245000000001;1.4422630000000001;103.044884;1.2794601451021193;0.042088968527590052;42.605833455565062;9.4123152288799883;300.14000606011354;US;NA
6964144;134.213.2.238;17.914756000000001;11.322340000000001;27.0704925;9.6807529999999993;176.37085099999999;86011.698558191798;0.88170101359394148;5.9268896014104726;0.44990934988780917;1408.5814691503053;GB;EU
6963921;104.16.108.24;10.291969999999999;10.043279999999999;35.803190000000001;11.154407000000001;64.339213000000001;26.208467863086398;17.388631707375708;9.6783767689280538;25.929019084626759;85.29411526497735;US;NA
6963721;54.192.199.95;10.052353999999999;8.9699050000000007;22.388964999999999;15.571978;59.285770999999997;3.2746123160707969;0.080021889041674371;7.5941973979866946;0.052024144455643302;5234.5367560031254;US;NA
6964078;85.111.30.111;59.943563999999995;62.212847499999995;66.874965000000003;55.348262000000005;200.39812000000001;1593.6553691590075;28.419218466514227;7.5343047260246463;0.15107661119423618;83088.942685677277;TR;AS
6964176;161.69.25.181;114.21928700000001;122.22020999999999;136.44492250000002;118.52632199999999;136.7339795;18.039721749602691;0.13226010667272609;14.786068330051355;0.077348877462910706;177607.66803041354;US;NA
6963747;104.20.60.241;1.9852805;1.817955;35.862670000000001;1.0194615;64.286989000000005;4013.9045038893196;1.7504443153079443;11.424945367466194;2.6195402995407009;1237.0771054748723;US;NA
6964014;104.16.50.136;10.228994;10.111655000000001;35.613010000000003;11.128247999999999;64.199437000000003;21.032780540879315;17.856333608494808;10.500361146914292;25.866142483180461;21.703987623512472;US;NA
6964449;151.101.16.144;10.278146;8.0014299999999992;24.221029999999999;8.2032989999999995;142.813468;5.0516857051054584;0.043225225824047489;7.5091381325117661;2.5552576391177353;887.07874333445568;US;NA
6963487;61.135.157.156;407.0243375;344.53267;387.24274000000003;365.683874;408.00468999999998;6144.4485841689602;1362.70621486697;1840.0905961061492;2283.4557588732478;1210997.903307454;CN;AS
6963780;23.200.86.143;2.630401;1.31128;9.3150849999999998;1.526205;139.001116;22.605691429800817;0.031488139558325454;8.7772053195352786;0.020564890655019246;50367.054748194067;FR;EU
6963838;117.21.226.199;365.58036099999998;369.85247500000003;371.16194999999999;321.37448599999999;381.07169199999998;4052.5922950070399;2827.2306239564559;4705.3325074910617;564.74403603726148;1484.5107285207719;CN;AS
6963974;104.20.94.121;4.6963210000000002;1.88083;36.483312499999997;1.0686344999999999;72.248462000000004;842.73492980065089;1.687426088137679;10.957537820072808;2.5985206529593228;27934.24837283892;US;NA
6963611;123.30.175.29;260.57553999999999;290.5330525;342.17028500000004;280.69798500000002;352.45754199999999;116.36628835037627;557.98510033259845;1190.2752405051287;262.45064682389807;356.82037044642891;VN;AS
6963577;133.237.48.124;228.68049400000001;232.43184500000001;296.30273499999998;260.784739;283.08869700000002;25.418026040439198;19.887391752261863;19.105091925622528;23.356585029437035;58.386162739679214;JP;AS
6964242;194.158.2.5;22.485509;1.55409;19.15579;22.299379000000002;78.036879999999996;1192.2375350197615;0.11427944537865413;5.9026062261359753;0.10136317588180256;387055.8263615013;CH;EU
6963854;213.180.141.140;39.585799999999999;38.13541;51.386220000000002;37.748167000000002;180.515365;6.9651627019727149;12.677937129903224;9.7104015052562502;6.4207888669411055;36.648933130501376;PL;EU
6963743;151.101.65.69;9.8081300000000002;1.54606;24.511405;1.335618;64.323853999999997;0.52599584285790668;0.16097144013984899;7.2254602177922536;0.013180412274531433;389.07849417860871;US;NA
6963657;104.20.77.29;1.8566400000000001;1.8447499999999999;35.993780000000001;0.98458500000000004;64.055436999999998;244.46688315004647;1.8412257741705995;11.207905474393925;2.5399988875950239;66705.651710561826;US;NA
6963663;120.24.248.50;459.90614000000005;414.43276249999997;341.8745275;314.03762399999999;408.75540999999998;1677.3911118262718;4005.0317429392298;2519.8582393232978;202.26657847428712;66972.444186822075;CN;AS
6964104;104.19.142.70;10.267393999999999;10.00013;35.645020000000002;11.128403;64.427532999999997;395.15621883636663;16.930707687141865;9.406879071339711;25.928030739491309;37.844986607505469;US;NA
6963800;104.70.242.123;10.799618000000001;9.1780825000000004;50.782740000000004;8.8038004999999995;153.07548650000001;6.5504961781808291;0.047734891167608075;14.857217950939237;0.17110058494431571;27158.972726800079;US;NA
6964316;138.101.8.100;245.64100999999999;217.84415999999999;255.86921000000001;253.31989400000001;251.064626;1.1764689718687951;8.1890279585476975;6.8872819712782452;2.8189921987547923;2304.2067872085786;JP;AS
6963960;74.115.50.109;139.48534000000001;143.8146725;174.50905;145.35893849999999;186.34448550000002;31.093149886814668;1.4409177232214154;7.9673254906413478;5.0846198647996479;2228.5641920962412;US;NA
6964140;149.154.167.99;34.594566999999998;16.1632225;27.239289999999997;11.691404500000001;154.98243150000002;88.488488674342065;10.217911491555833;6.5028844220507223;0.016135482850496336;38.237762142354576;GB;EU
6964288;104.16.29.30;10.245122;10.055092500000001;35.557855000000004;11.150859499999999;64.241677500000009;51.595656736515316;17.337341527311089;10.48675764067136;25.692780004852356;81.870085748879973;US;NA
6963749;104.156.81.217;10.849154;1.6488800000000001;24.939824999999999;1.445619;64.808845000000005;200.10529340025121;0.010855582250051839;7.690025072520112;0.030024897193841407;63910.47015707536;US;NA
6964328;42.121.252.58;359.36032750000004;392.29636500000004;320.4394125;331.629189;360.56224800000001;2332.5972997620274;3226.7541025826276;2276.0265314353901;3112.3256475380831;1318.3205743376773;CN;AS
6964116;178.33.165.129;5.4489609999999997;4.7326874999999999;25.186822499999998;4.6517324999999996;154.93212649999998;127.16756225153939;0.016342173215224198;7.3201956438717541;0.0080426931758022409;94.478838307595723;ES;EU
6963852;184.51.148.152;2.956801;1.5033049999999999;11.90357;1.7224870000000001;102.48885199999999;5803.0254740725322;0.041135140242061718;6.9727983744607798;0.0071275594321221162;2287.7972678954097;NL;EU
6964128;104.16.32.27;10.260482;10.069065;35.608820000000001;11.148771999999999;64.133388999999994;19.803021252781008;17.995055450760308;10.672825673584345;25.881519825745411;81.649705606333342;US;NA
6964234;5.135.203.40;11.374466;10.554724999999999;24.87537;10.649450999999999;165.07856100000001;161.2899499043551;39.35843419746228;6.4334400219915215;13.287257949119672;79333.048136699086;FR;EU
6963661;219.85.79.131;254.84587500000001;275.15727749999996;295.50447500000001;283.33090549999997;306.79148550000002;1026.8796957739846;225.76355537843412;40.461812618980375;20.412547305997457;3539.8514617412525;TW;AS
6964152;23.248.160.250;259.50878799999998;274.53725500000002;296.56227000000001;279.654066;281.41983299999998;103.51395161023814;122.57924978926084;116.99573278844152;78.15848355295428;589.14355364918868;US;NA
6964415;209.104.56.26;81.110032000000004;78.505385000000004;93.76831;79.097694000000004;140.40886;36.200650098286751;0.3939173179169807;7.1130737681134955;1.171322705683046;5346.4865229969664;US;NA
6964304;222.158.213.148;250.7101945;244.0336025;309.74957749999999;272.61727400000001;284.985657;480.6021234312559;7.4240345163578709;4.7541882167827758;35.68560018644262;445.70322339052876;JP;AS
6964457;104.156.81.70;9.747458;1.6177174999999999;24.603135000000002;1.2660635;64.263181000000003;0.0476782706610187;0.015199649256220429;6.4144641447922224;0.013494660655253718;186.97177238041735;US;NA
6963834;123.103.57.11;395.82343950000001;305.72321499999998;250.84008749999998;368.82505750000001;349.46157400000004;2893.9080965414928;3775.3056779903686;824.91189336714126;2460.5852876226286;5579.5799138017155;CN;AS
6964306;95.142.199.215;55.672331;50.789769999999997;81.377754999999993;50.123475999999997;186.974245;398.09482442152813;0.16270831669957889;14.548535169080004;15.624859832805404;54.815728113020739;RU;EU
6963931;59.151.116.98;274.75282299999998;317.82092499999999;287.81192499999997;311.26377000000002;342.86445300000003;66.389459704160004;98.001942750435816;393.65183206418351;411.91158524605163;841.53633228959995;CN;AS
6964082;213.92.16.101;31.152774000000001;34.462249999999997;38.088795000000005;41.731979000000003;182.32285200000001;2215.6866967757583;0.031376127722925862;6.7916201681030435;0.96396906661751225;804.60461639328514;IT;EU
6963798;193.252.148.140;18.892419;14.404869999999999;16.019187500000001;14.019954;144.32297299999999;143.29330794174149;0.032057682901628103;7.2096223872125842;0.02246155145317268;55.307176371340702;FR;EU
6964178;91.216.63.240;25.377030000000001;17.064995;49.539020000000001;31.047229000000002;176.754468;262.54102174065974;0.026526267828140101;14.504523657645308;0.030533995456821918;98.814821135462481;ES;EU
6963697;93.184.220.127;2.248704;1.256365;22.347365;1.3517570000000001;59.573003999999997;1125.3131832393005;0.4091150159152015;7.3557848901293141;6.2125798999973645;4705.1447470117964;US;NA
6963681;42.236.9.70;403.49998449999998;386.02684999999997;397.54821749999996;343.49385099999995;410.22805000000005;3203.2416932333999;2497.7202248726317;628.98403559822873;2866.6967309623601;37777.465549609005;CN;AS
6964476;199.182.216.166;130.66063399999999;149.13043999999999;166.73270500000001;129.315021;163.62780900000001;4.2667564510883871;1.6689185946613077;9.1001502881441745;0.34564081475870828;87570.094002267084;CA;NA
6963533;78.140.191.70;42.349832999999997;16.661104999999999;29.074465;12.482661;67.355148999999997;1577.3207226529223;0.12225124583418435;6.9613962777536811;0.017641754154916135;28158.053684850511;NL;EU
6963953;54.230.196.80;10.158722000000001;9.0195425;22.324460000000002;15.705119499999999;59.53998;824.71855910194483;0.063528657515176404;6.2266362881185007;0.05130304326089144;52.357833075811364;US;NA
6963725;104.103.89.231;24.409348999999999;26.677687500000001;44.240175000000001;24.666736;182.29750849999999;359.35022339539881;0.22664442256822204;7.1033484640114146;0.21714471206047986;2175.7937548065202;US;NA
6963621;212.58.244.22;11.3932825;7.9430999999999994;39.612915000000001;8.4281439999999996;151.50838250000001;128.93443585110072;0.016366891603642818;6.5664551370141417;4.8195750355852427;1186.506556580078;GB;EU
6964182;2.19.231.10;2.5912329999999999;1.54399;9.4639550000000003;1.6408689999999999;136.99894;20.644251998769128;0.020541080326012495;7.7605296404251911;0.012373919010236845;3351.6309454469861;US;NA
6963579;208.82.237.129;80.330128000000002;78.9267325;96.086610000000007;85.269928999999991;126.86249000000001;1.6186157726402914;0.026126403564634252;8.6364094260810162;76.51268341088543;35.616152398055071;US;NA
6963481;91.198.174.192;14.021379;12.442935;29.32647;11.619489999999999;157.19695949999999;17.721558522811367;0.0222133506643226;5.5051616537971633;0.0094904204127605959;54.65434341493502;NL;EU
6963513;198.41.209.138;10.258946;105.6444625;36.127292499999996;11.141294500000001;73.030287000000001;3456.2240335670363;2647.5673821064511;10.52532398143406;25.745097623997179;212.47217127721245;US;NA
6963679;186.192.90.5;224.924205;192.80667;233.39628999999999;221.580116;313.12134200000003;93.695447027459181;91.215644776303961;81.743494167698671;62.044155720493123;1417.6239102336806;BR;SA
6963962;104.156.81.84;9.8019859999999994;1.6112199999999999;24.828642500000001;1.4254869999999999;64.1687175;90.501476048022809;0.036117292054687611;7.3891004244217973;0.021908007127731464;106.50695835630921;US;NA
6963996;104.31.83.13;3.192577;1.7606850000000001;35.751255;1.06392;65.302284999999998;5.9997574971117587;1.5127331267385906;10.938129428380451;2.3096408009469007;9.1500948739737957;US;NA
6963573;184.173.147.39;107.575318;80.698104999999998;100.18571;90.015060000000005;152.08630299999999;10.446397147858212;5.2155490451450417;10.624090945902061;5.5321713468417304;91.181770804506399;US;NA
6963541;151.101.60.193;9.3189139999999995;8.7896125000000005;39.908782500000001;9.0328350000000004;134.836251;2647.5448655464602;0.030778097132000033;9.3924047549752476;0.011730237989417476;128.71997634241893;US;NA
6963729;108.174.10.19;78.627855999999994;78.573360000000008;94.231234999999998;78.527585999999999;127.35209;3.9588079477267373;2.7433794322974059;26.979441413662393;29.793256570117219;233.80784324290971;US;NA
6964032;104.16.11.250;10.25357;10.05128;35.541935000000002;11.136543;64.269326000000007;27.557581927795834;17.155961094097822;11.717119891287028;25.962599737954445;647.27303039685694;US;NA
6963631;106.120.160.134;311.21823799999999;408.03392000000002;326.40489000000002;279.89971400000002;325.20889699999998;722.2903093783259;623.74914692182608;4136.1712858019318;255.51115969597168;88586.018495568132;CN;AS
6963683;72.21.206.80;83.949713000000003;79.216297499999996;93.616007499999995;80.261176500000005;137.291932;172.41664028190525;0.034911719386644488;120.30748336583899;11.803974888153547;27934.791162449343;US;NA
6963972;209.102.213.14;114.982679;112.01916249999999;123.28666749999999;124.13742500000001;132.77301849999998;4.6484163970486518;0.27372004889026313;16.602636058951514;5.5118822590184999;65.337790929264457;US;NA
6963491;204.79.197.200;2.4975360000000002;1.3322700000000001;17.321719999999999;10.097397000000001;156.79107200000001;15.903239447878249;0.032984254935205168;6.8419051414088461;0.20773059805980643;30470.422630623147;US;NA
6964266;66.235.121.141;79.498767999999998;78.529849999999996;94.188689999999994;85.598170999999994;125.608729;166.85266184710639;0.031413686897212384;11.482356275858617;16.302862209846214;81.305542709387041;US;NA
6964391;23.200.87.127;2.5562885;1.3877275;9.0672575000000002;1.4615880000000001;132.77301899999998;7.8118262765116446;0.03149389699223544;7.6329526025948704;0.0094456924357476345;7705.4030411602134;FR;EU
6963499;54.236.213.89;107.715862;78.689160000000001;92.92568;87.186749999999989;134.48604349999999;167.23321384327295;0.016372445077403083;78.648137193495401;6.0448742985041095;54.590387401641657;US;NA
6964377;61.135.218.26;363.86157649999996;342.17673000000002;377.63235499999996;370.969898;450.18978600000003;1719.4905729344041;1557.9591519741218;1573.4484644618487;2126.2313789943901;2605.9289470581143;CN;AS
6963479;98.139.183.24;91.796754500000006;90.638895000000005;106.799285;93.492495000000005;173.38448249999999;24.703699718794184;11.489032905790978;32.470304623970527;39.556843220298582;1181.8843223792176;US;NA
6963723;5.226.176.16;20.242564000000002;18.486130000000003;53.555660000000003;27.822658000000001;154.2136635;3.8138200396135633;301.0315997710041;291.37863660527978;465.77065138666251;6190.6185572123932;GB;EU
6963695;104.16.56.23;10.30349;10.0159275;36.389802500000002;11.173256;77.361423500000001;157.33234276626371;18.349232567710256;10.015356612845684;26.01486002278223;542.81616129567283;US;NA
6964058;203.12.21.5;198.20010400000001;338.39145500000001;216.79533000000001;195.55869000000001;281.253176;176.9692631276601;469.26574797989122;82.110963673887767;78.023934057993358;96854.039190555137;ID;AS
6964132;62.138.116.25;19.250691500000002;16.0903025;41.266907500000002;20.784057499999999;176.78518750000001;25.082618749536451;0.07300767187934859;6.409150249958369;0.025996579084463178;465.6494027916188;DE;EU
6964030;79.175.144.35;99.048210999999995;93.920775000000006;134.31469999999999;101.737713;251.46244999999999;297.6369945124319;171.17291021197755;292.25111012681009;405.51265911532374;3528.3856944373069;IR;AS
6963707;200.147.67.142;220.85457199999999;220.49614500000001;240.019835;220.28139100000001;269.75160599999998;99.273313622029235;51.42641500307581;108.10038110139463;31.803341128210452;187329.73273153798;BR;SA
6964274;104.25.160.23;1.8512649999999999;1.993555;35.886252499999998;1.0418529999999999;64.664076999999992;6.2582447757741093;1.8059070778600481;9.1080549470633443;3.7389813208627176;58331.972488369407;US;NA
6964433;104.24.10.2;2.360833;1.9560850000000001;36.117157500000005;1.020489;66.737293499999993;1003.7878804815692;1.6986482866153845;9.8271058969224274;2.5382070564763417;2291.5491250633313;US;NA
6964455;217.74.65.23;40.229768;36.92436;58.593184999999998;39.5590245;188.05712599999998;3.3541567051676102;0.064166949715044164;7.2174806803834013;6.8141029834682083;61.929051132082016;PL;EU
6963493;172.217.19.131;2.8200970000000001;2.039955;19.851209999999998;1.3585769999999999;106.374165;55.891901986677503;0.034866260292192953;6.5614600531145344;0.006181759146827402;7792.9049792178002;US;NA
6963937;104.20.30.112;4.6379535000000001;1.85137;36.3667175;1.0363405000000001;66.395533;1742.5815851928285;1.6991084283319864;10.423102002724782;2.4430005735391473;14.072471402170846;US;NA
6963755;210.129.120.43;234.75153499999999;232.939595;267.87973;236.188929;260.87429200000003;1.0778079881067539;23.339227107911899;11.52252358802756;8.0716113814229189;32724.320052252602;JP;AS
6963505;77.88.55.50;54.236170999999999;43.939394999999998;74.30292;41.759151000000003;185.760806;11.694187818050946;0.62469195468481908;10.61573396829718;1.6673673131062876;11472.722549917411;RU;EU
6964272;113.240.254.10;418.43758800000001;334.03063750000001;315.67911000000004;336.46090950000001;356.175816;3982.5269610327105;3945.2034249951562;3661.9843432879238;234.80904177817982;2769.3963608719846;CN;AS
6963864;104.85.66.52;5.2642574999999994;10.703890000000001;9.5963874999999987;1.4369109999999998;314.36780699999997;48.945047135566305;0.24305093408584125;6.1046407901996931;0.017284693120255584;128.69704621878907;US;NA
6963563;217.20.155.58;56.120075;61.694234999999999;77.87724;55.297089;196.58730299999999;3670.3589174019207;8.4482414661681418;20.234450391093212;520.49477780794848;52728.268465866851;RU;EU
6964375;170.146.93.56;95.122196000000002;92.013454999999993;105.259905;98.775345999999999;136.93519599999999;6281.0914516647672;0.052620399940561391;20.223056143379342;21.090629214885144;205.14631709773181;US;NA
6963848;103.25.22.168;349.10368499999998;287.12694499999998;249.49804499999999;358.70505600000001;324.06611299999997;1634.8917030463797;799.51979610000717;975.56639740618289;1914.104729844463;2768.6916039131038;CN;AS
6964088;104.16.165.50;10.339586000000001;10.384404999999999;35.951860000000003;11.178886;76.59496;36.631885759889784;18.213654373656791;10.337513607939099;25.953424462503644;3519.7099615999514;US;NA
6963860;185.31.26.232;37.632776;29.111094999999999;110.16837000000001;40.964293999999995;185.32304500000001;8.9881281076683059;0.0086678828790944101;21.475015311057728;0.0090519889518382197;350.26910623420571;PL;EU
6963581;23.103.183.15;176.03254699999999;234.64882;175.80326000000002;179.47245550000002;259.41931599999998;2825.9039302298183;124.4379883675206;95.819076327042794;202.72466152024109;705.91159263450902;US;NA
6963836;104.16.52.162;10.256641999999999;10.394819999999999;35.737079999999999;11.133328000000001;64.088076999999998;21.84759135213265;18.450641498710603;9.7169128712619148;25.7933331891888;187.05317950845262;US;NA
6963881;62.153.159.92;15.363842999999999;14.4078;25.87998;15.345746999999999;138.92354800000001;6.7146458520504613;0.018326636584071607;9.8799757649998661;0.029252075969159581;538.00677986976154;DE;EU
6964020;151.101.129.34;10.097282;1.7897749999999999;25.011520000000001;1.336746;75.398415;2617.2850392074001;0.041043458834823653;6.5138821763865389;7.2985905201671484;3350.6224609181909;US;NA
6963693;124.95.181.184;386.34478100000001;305.30169999999998;398.072495;405.33570099999997;461.83996400000001;2122.2930365348343;1025.1774842602078;1136.7401252015434;2486.3311479648319;149021.72631797855;CN;AS
6963868;91.198.174.192;12.2227225;12.3490825;28.672127500000002;11.568697;152.83356700000002;135.40701423618677;0.025850241941271467;6.3452094698392667;0.011429917159836595;97.734416490664515;NL;EU
6964194;104.16.10.104;10.290433999999999;10.432325000000001;35.999315000000003;11.19458;71.362573999999995;57.469272288447478;18.53827976618749;10.798311665638504;46.883377771577784;226.47511512088636;US;NA
6963539;216.58.208.233;2.3308810000000002;1.7654000000000001;19.625540000000001;1.663754;99.731731999999994;83.224899297131287;0.0259948431738928;7.4442284651835058;0.0088260289019769806;75.622108607977239;US;NA
6963927;104.101.166.212;2.4794890000000001;1.7537525;11.890997500000001;1.3554845;92.390802500000007;2186.042331475408;0.018827801617117688;17.239268675310143;0.07664674691423666;110.11783775324733;US;NA
6963567;31.192.120.36;16.029699999999998;14.8786725;25.045877500000003;11.134202999999999;105.65570149999999;1.0948955896697881;0.01042302211874949;7.7975739177502383;0.010678343346895706;456.52438799156835;NL;EU
6964419;213.180.193.50;53.775371;60.350589999999997;74.073724999999996;51.141288000000003;186.4500855;15.098002178830816;0.76962438390868171;9.6029593763015537;5.7470394970125644;83.54574713334766;RU;EU
6964150;59.106.194.19;228.29649449999999;244.46957500000002;297.37661000000003;253.38222450000001;292.98168999999996;3302.4858589214214;18.876333363840512;11.159571542587903;50.818094565268581;69931.435846979715;JP;AS
6963992;163.172.21.184;3.5642879999999999;1.8667100000000001;14.963405;1.312514;59.733516000000002;5.656448742732394;0.019235869803727126;10.345324311442392;16.022966774892335;36.520377644019618;GB;EU
6963565;192.30.253.112;82.970896999999994;78.758260000000007;94.934295000000006;79.631501999999998;140.337436;23.390648989291549;16.495308737135979;13.509594179945385;31.383809017116612;1065.750641847867;US;NA
6964425;104.20.86.35;1.88544;1.73288;35.807785000000003;0.96578900000000001;64.455949000000004;414.94293044014222;1.6024412495940252;12.345703718153844;2.4213711646624496;1945.6428164160352;US;NA
6963719;104.156.81.67;9.8396179999999998;1.7130350000000001;25.103850000000001;1.3554219999999999;72.800270999999995;268.61847801734638;0.037227269434407566;7.4432723618479262;0.020995003261619797;3115.3259058088261;US;NA
6964066;66.235.120.94;80.898448000000002;78.663015000000001;94.891279999999995;78.478091000000006;135.57545149999999;8.3745860689793439;0.071550704577038285;7.3265911178734084;18.23721108132067;8547.9058198641105;US;NA
6964168;206.131.180.21;148.88105400000001;142.92406249999999;172.54132250000001;172.33125949999999;171.65955450000001;35.695623846592845;31.445893916288568;36.522530068174724;19.785470259945793;4354.7072281711016;US;NA
6964122;104.31.76.24;4.6763529999999998;1.9053850000000001;36.490490000000001;1.030416;75.004430999999997;1278.1545972069212;1.6694415933076245;11.066065847092259;2.5664985374769835;28320.198935916931;US;NA
6964110;125.6.149.67;230.844719;248.01788999999999;245.642595;275.95640900000001;266.33861300000001;5975.0349479930474;4.2488350607955852;72.812653081864937;47.085443060993057;18587.164960118978;JP;AS
6964146;207.244.80.166;116.611608;81.619204999999994;106.84462499999999;86.969486000000003;117.066264;3.6749470800200981;0.050890528562507704;6.3177895039604257;18.230901788855391;158.06756482693254;US;NA
6964062;172.217.19.132;5.2377609999999999;2.0370949999999999;20.004075;1.4705630000000001;103.776021;2234.6047268942334;0.017644448047858842;5.2824444604285983;0.010332243021981585;27.614944511486566;US;NA
6963822;193.164.196.82;2.212609;7.2974600000000001;15.614315;0.96601899999999996;139.37436400000001;25.209796382978023;0.0098199709514515052;6.2220898153683697;0.006703659107377016;61.012165714026871;FR;EU
6963497;108.174.10.10;78.669329000000005;78.612864999999999;95.027460000000005;78.607410000000002;127.200794;300.55159993438048;2.9631377817386548;15.849567444015324;17.181719238508609;3486.8504994035975;US;NA
6964076;204.154.94.73;150.20162999999999;148.183605;184.95445749999999;161.2517675;164.76368099999999;3.744241755666688;0.071406884242899288;10.299723603876906;4.2556898638977758;80150.107295929338;US;NA
6964389;173.241.154.10;139.944604;147.58260749999999;167.582525;145.49868700000002;174.196259;2748.7921422592235;0.72308847172145385;26.00703868907334;48.473782776188351;79961.156404089968;US;NA
6964220;206.54.181.6;42.836360499999998;16.672089999999997;28.9548825;12.613372500000001;65.158669000000003;654.48246098125719;0.094862662146003501;7.2408478757359811;0.015852088410838409;126.64195697786616;US;NA
6963994;137.254.120.50;148.76546999999999;116.31614;131.23154;150.972782;165.302817;2516.8935648049855;0.26254292887140335;10.32418551911876;1.5653245528002289;42534.74398457908;US;NA
6964130;74.112.185.90;149.057311;161.76256000000001;157.11438000000001;143.65950100000001;208.664106;64.725670697059073;0.20162836524056835;9.3019839055956552;0.81271987498030218;72.484763751033881;US;NA
6963593;103.23.108.107;275.71589599999999;281.101585;311.76842499999998;302.84333500000002;323.88563299999998;304.18097110009597;371.3803737966004;416.88537086606334;74.916329836501063;9471.9054318742728;TW;AS
6963517;94.100.180.200;52.099210499999998;60.995672499999998;67.127057500000006;52.425866999999997;176.40886749999999;596.88490181568864;16.613846106112927;586.17303679691804;556.03142506379413;10188.361856274774;RU;EU
6963794;69.252.80.75;84.108305000000001;101.41840999999999;117.228865;86.390281000000002;150.820638;4419.2543105867198;74.403985593240677;72.563341862768127;7.0346813037208102;79.87058297706038;US;NA
6964292;124.153.64.100;113.587991;110.5023875;141.37050249999999;112.038031;263.84722099999999;107.93573911119232;12.004372247706153;12.296217385930998;0.43608713918452052;2938.5930009905996;IN;AS
6963840;104.18.41.167;8.3005460000000006;2.3916650000000002;35.524529999999999;1.6242559999999999;64.206349000000003;63.84255094516697;19.845442839520416;10.700183933732053;179.56686031839803;135.68024542816772;US;NA
6964482;23.45.151.67;2.5090569999999999;1.5353699999999999;11.827825000000001;2.1154090000000001;131.10223400000001;3.1320791942805424;0.030409976379912954;6.8150992764606517;0.013908220199959619;61700.667627257295;US;NA
6963913;119.28.48.239;246.077234;251.208;309.09420749999998;289.77668549999999;316.72863949999999;4253.0434452805048;242.33769136690461;677.55048585146585;689.32007844887585;586.81065156178659;CN;AS
6963751;64.210.135.134;17.889028;13.827310000000001;24.626925;12.563981999999999;114.187031;140.39299484683397;0.06861770145990112;6.778155718661635;0.027451594238885376;18411.985132454014;US;NA
6964136;69.89.69.99;141.94639699999999;148.42113499999999;181.2636;145.10554400000001;184.73399000000001;119.58645525256671;33.730601114021461;7.2343797378623149;11.08621217362982;14282.331990300705;US;NA
6964188;52.197.170.122;231.49713450000002;251.92156749999998;283.18666999999999;250.85957500000001;301.99724449999997;18.446378152716683;19.538451574835918;25.196567646444802;12.590679513717543;124.54192660182787;US;NA
6964040;23.206.36.133;4.3184649999999998;1.6958975000000001;14.4011025;1.116625;149.736222;122.59452046220233;0.098430894071136726;13.716658923287424;0.38002651673347954;88236.590353636828;NL;EU
6963856;74.125.71.160;8.9326100000000004;6.3323549999999997;21.227395000000001;6.0773999999999999;111.158806;19.22611068718599;0.045862509343761709;5.8655311785397846;0.023083405980316232;64067.106921802049;US;NA
6964192;104.93.248.186;2.7452170000000002;1.9541474999999999;9.4686599999999999;1.4399565000000001;152.44534249999998;914.32734254887998;0.73463693477525083;5.9816818800423208;0.012679633415678546;10684.892343419993;US;NA
6964478;118.184.184.70;320.10553600000003;367.32192750000002;361.79811749999999;320.545952;343.75302899999997;3032.0480946720181;2822.9323785777196;4883.1717649030488;699.40256762744616;4533.4132441938455;CN;AS
6963806;104.16.85.202;10.277378000000001;10.4271925;35.777232499999997;11.149367;64.177548999999999;30.142700008948086;18.626833305083334;11.471054010893363;25.873196572572535;38137.375105787687;US;NA
6964072;54.251.103.25;181.439268;243.321505;260.07663249999996;184.34904649999999;354.56954300000001;447.20702797119503;0.17018270726735973;328.28885988262317;42.479838116414506;391.02317865004341;SG;AS
6963549;23.206.4.202;4.442113;1.4423600000000001;14.869035;1.1834199999999999;138.16937200000001;537.1053156165566;0.011762873679446343;7.0787126975609063;0.014180587013879843;5375.1933697349641;US;NA
6963824;210.51.19.63;332.63085049999995;314.06200750000005;345.14766250000002;338.34636699999999;320.09401600000001;2078.7451901902273;37.998504585111917;2132.4793180797924;767.72837338202373;651.44392731830544;CN;AS
6964431;104.27.168.11;10.328834000000001;4.2798749999999997;36.494162500000002;1.4127775;70.04852600000001;41.633722348966515;18.138646325537241;10.367488028292369;26.51086019597534;277.99821244693231;US;NA
6963737;54.223.189.245;400.23636799999997;383.88106249999998;360.38952500000005;272.86417899999998;370.21409;697.023037262912;3294.2029655920574;4483.521761431999;265.19781505781128;2038.9215837016307;CN;AS
6963557;198.11.132.250;139.40815699999999;143.45661000000001;192.75123500000001;145.73042599999999;188.55632600000001;16.251210530697922;0.10918892073406276;14.657611387655717;8.0264262865215379;4191.1447214061454;US;NA
6964006;52.207.3.146;109.230358;79.186284999999998;95.478087500000001;87.500293999999997;147.47906999999998;177.07433430846874;0.10731900863458542;100.76083736140853;7.8882621512184512;2870.951673407998;US;NA
6963770;69.147.76.173;91.172754999999995;89.163460000000001;103.6942925;91.921244000000002;168.55645049999998;1923.6558496373307;6.0754369063800295;13.465965853437153;30.076062662347653;1186.2165728260761;US;NA
6963964;202.61.113.35;191.62909500000001;253.68396000000001;192.11504500000001;181.904391;275.84952800000002;29.220968167388794;60.524137771917566;81.180534806235798;65.56095235073613;20403.516724216061;ID;AS
6963897;124.251.98.4;297.39001200000001;354.35701;321.35885500000001;320.249077;386.27374099999997;23912.619008938869;2257.308520327219;2513.5874368892223;363.77504489740818;2421.8673830037815;CN;AS
6963804;31.192.116.24;16.333058999999999;14.164944999999999;23.375119999999999;11.554656;104.73448500000001;1654.7015385895161;0.031743828406538159;8.892940083817388;0.020155239393350882;558.85455428417288;NL;EU
6964120;178.33.44.27;7.7783059999999997;6.9465899999999996;15.601875;6.9216199999999999;155.873311;24935.914494373381;0.028932660401745674;7.2811421286003331;0.016492828354088253;184.40106189791481;FR;EU
6964355;185.6.169.69;30.660102000000002;21.678485000000002;20.5764;13.2334605;157.35363150000001;48.854600855543239;0.021475104864319486;14.855700787413127;0.39708474512924713;210.46008762030903;CH;EU
6963643;123.126.99.31;368.67617000000001;339.79467499999998;376.51924000000002;371.28405299999997;416.05179500000003;1351.4079690309907;1113.1246232408778;1615.8044692751553;2878.3144885922015;422572.5156814988;CN;AS
6963753;104.16.254.64;10.331523000000001;9.9824224999999984;36.041717500000004;11.192952500000001;71.885965999999996;6393.0611509354212;16.586793185622223;10.42905982680514;25.983244937388847;28190.581323373051;US;NA
6963603;108.160.172.206;159.33353649999998;157.5724175;163.935855;165.93161650000002;160.04816;2597.4884055178927;4.126694300581681;12.546215200926866;28.677039848557037;12092.638381189005;US;NA
6964024;148.251.77.209;23.588740999999999;24.329500000000003;35.141935000000004;14.6288155;152.16771;2236.6640307217185;0.065463824324764705;19.924671877677497;15.823849975728724;113.78606409555501;DE;EU
6964488;23.3.152.175;2.630401;1.612125;11.67651;1.9676419999999999;125.825305;5.1562290248730953;0.0091920686683972554;6.3978386065777544;0.0048160249765006654;19913.254588658328;NL;EU
6963651;68.71.212.186;143.80034900000001;140.19071;159.53143499999999;152.37070199999999;170.18115399999999;1854.5520627855706;0.063741639675761505;57.56081398540983;31.023434313812114;102923.90763606517;US;NA
6964174;104.20.24.90;1.9971844999999999;1.8154224999999999;35.906127499999997;1.012564;64.467852999999991;6521.5462159938816;1.4285856054664574;11.815897410059831;2.1409534024752466;111.63544246743811;US;NA
6964429;67.228.27.108;144.359453;112.544465;129.37507500000001;118.01263;165.544738;803.69720867482226;7.3582650113626737;16.278327136815246;1.5124094135551804;26213.731411499062;US;NA
6964222;104.24.7.4;1.8286089999999999;1.7934349999999999;35.775354999999998;0.99817699999999998;64.329997000000006;22.174459427148047;1.7701267989432661;9.109098112880412;2.3656919417160616;17737.839135683542;US;NA
6963970;148.251.23.152;21.774723999999999;24.554400000000001;35.174745000000001;14.801918000000001;161.3119045;6.3406931144885244;0.10080769697657706;15.906164608616498;18.371026747403299;965.47255059682038;DE;EU
6964340;210.224.168.100;234.098735;254.35454250000001;291.10905250000002;276.28683749999999;283.68274500000001;5.6791138567643609;0.79770217139899624;36.446875435304648;135.04188983886709;72.347555060008546;JP;AS
6963523;104.244.42.5;9.9793939999999992;8.5728950000000008;22.062795000000001;15.851271000000001;149.649438;10.461517313692411;878.46125615128926;7.5394888140821115;0.034228104601971086;46.068134632600447;US;NA
6964250;74.205.63.94;116.27906299999999;112.23945500000001;127.87812;116.471636;139.321372;1254.8445458971801;0.32931515193772765;14.730883213230657;15.535442948980625;2841.355925858968;US;NA
6964407;192.187.93.86;142.50204500000001;144.43141250000002;161.0036575;138.7931715;154.44982300000001;16.409299807424048;34.786022750916828;8.6074863353021218;0.84625456415626865;1271.1563025633345;US;NA
6964180;209.200.152.198;14.282114999999999;10.371500000000001;36.5950275;10.058819;72.696206500000002;5759.9725111343732;0.055389465688238694;8.7581290073675913;0.012798068896144927;16038.055495680783;US;NA
6963990;184.51.148.169;2.7114250000000002;1.51;11.74372;1.7725599999999999;103.27029250000001;650.62613023102256;0.039337017960923468;42.22500821843532;0.023511570578354075;1837.8995893632341;NL;EU
6964134;104.96.26.164;2.5436169999999998;1.7761549999999999;11.8325;1.3730420000000001;92.350482;446.05326298461665;0.038076279547639168;21.535529356839589;0.023250097259765692;34454.703245410856;US;NA
6964453;117.79.92.119;350.49607000000003;293.09099000000003;319.23122000000001;291.18854249999998;402.04731249999998;1282.6308892703794;1312.8861581045385;4295.7424113277675;268.31344275722648;2754.2861652840666;CN;AS
6964060;61.129.65.103;328.83155399999998;307.03969499999999;372.16831000000002;263.54537099999999;382.288973;2329.4960170580857;2912.1071716437109;6937.0711199029247;2781.2573137926352;3126.2496948853636;CN;AS
6964206;69.196.244.99;80.009872000000001;79.305925000000002;92.303664999999995;80.755170499999991;147.53782200000001;0.56957089727462185;0.031732273775402345;8.859847862497924;0.7417126552487594;2080.3137406063856;US;NA
6963984;144.160.155.43;147.131934;151.23929000000001;160.66041000000001;158.70624599999999;167.54077000000001;31.69430255114861;0.046543111306773244;12.833299835848763;13.663585313765317;412839.12764846353;US;NA
6963591;124.225.65.154;395.59303899999998;407.60066;231.23944;325.09452800000003;300.39174100000002;3709.0068101890124;2930.1433546194353;1806.0926006319582;915.09012423272702;3518.1587306128836;CN;AS
6963951;198.134.112.232;73.829391000000001;79.185450000000003;104.762315;79.770775999999998;154.68982199999999;18685.962669809098;542.56585051012485;34.874132868202494;6.4494923715997539;3643.5285222732814;US;NA
6964186;104.25.28.101;2.1143045000000003;1.9206175000000001;35.834274999999998;1.046465;64.485901000000013;4.065227872530687;1.7570463265216012;12.121867014713164;2.4061355059888241;4810.0656375152048;US;NA
6963531;125.88.190.56;307.345214;305.99935499999998;281.09889500000003;304.67315200000002;312.70278300000001;1699.2744999374502;2742.3674137082689;2206.4472136483105;209.16339492434523;597.99384394164008;CN;AS
6964052;104.16.122.127;10.259714000000001;9.9126799999999999;35.9177125;11.165589000000001;76.906383500000004;17447.413493810742;17.327668344580783;10.290641316990023;25.69545421798783;485.80152078351449;US;NA
6963870;104.16.123.108;10.291969999999999;10.0161175;36.310817499999999;11.1435795;67.495309499999991;18.364762318722917;17.016474274049756;11.744555624892897;25.747216733202546;21.625087612460334;US;NA
6964086;69.191.252.148;80.036752000000007;81.454367500000004;94.816382500000003;83.046125000000004;131.2404745;331.50314132101596;0.63142995272630653;11.380175148471988;2.7187247756001987;24.060442686867596;US;NA
6964441;54.165.95.219;85.266832999999991;78.801372499999999;94.039947499999997;87.182802500000008;137.09762799999999;12122.029702766651;0.031825180348492153;104.48565174669233;5.9844226644827003;4171.7355055917942;US;NA
6964322;210.189.86.12;244.82155299999999;232.843445;260.45560499999999;245.60671099999999;270.52575000000002;3.2909366569242153;15.574958874207361;9.9806902423283042;32.567575336947378;26526.219964905049;JP;AS
6963907;23.200.87.140;2.5720329999999998;1.4718249999999999;9.2895299999999992;1.4543729999999999;139.60553200000001;63.008863941787219;0.062379218913248845;6.8165408453277383;0.012577993345419206;1295.2523277972293;FR;EU
6964022;81.19.82.10;58.027788000000001;54.046205;73.460170000000005;53.537495;176.65616299999999;1342.5069073986733;4.3162207056009629;11.51598969092383;12.988379054354604;73257.79933551178;RU;EU
6963649;125.6.149.67;227.87563;247.98110500000001;245.48488;275.84125799999998;257.56574799999999;4.4483320065472993;15.785888182236389;9.0003648253489921;45.728915454414874;4274.4146980364276;JP;AS
6963527;140.205.94.193;385.53838100000002;344.76487500000002;314.50855250000001;300.88760200000002;428.047574;2138.7581655404024;5256.5835647827744;2309.5063274977856;761.79333816864153;15339.519632528945;CN;AS
6964310;104.20.24.138;3.4214410000000002;1.95888;36.374560000000002;1.0894779999999999;75.185680000000005;7.6451652149307767;1.7741222460794019;11.421984775439425;2.459554846916288;1784.9061387075831;US;NA
6964012;119.147.114.19;408.68360200000001;404.57074;391.275195;297.20082200000002;422.02914099999998;5170.8200260041021;3971.5839155060094;6490.8581338454014;241.66661414825288;4748.8782039252455;CN;AS
6963691;123.126.98.150;366.48544950000002;347.126305;378.44551750000005;378.26228950000001;407.62491399999999;2394.1212497086199;1084.2542841613126;1346.7242893644382;2707.0237691529951;1604.6460175153859;CN;AS
6964486;62.116.130.8;36.465415999999998;15.57339;36.785910000000001;15.98061;145.37398200000001;196.01144457971969;0.010994330765733265;6.346458457227409;0.015154551687888283;17.805723353349389;DE;EU
6964156;104.20.55.43;1.9169290000000001;1.66953;35.67754;0.97345300000000001;64.362252999999995;5.1348139789879124;1.6168526965593906;10.579430816306758;13.464949276343569;4401.743543951492;US;NA
6964148;78.140.188.189;41.918984000000002;16.970945;29.06176;12.782927000000001;73.352463;6.9225884009655934;0.11491626417673667;7.7545216997627273;0.016514541779800839;3369.6228116584271;NL;EU
6964334;81.19.72.32;59.716619999999999;57.719104999999999;73.77655;54.316752000000001;178.89872399999999;110.3661843659185;2.7906151617275818;10.874341215486545;6.3503379218537948;5798.0033194717244;RU;EU
6964352;162.208.32.99;80.064784000000003;88.034679999999994;103.499335;71.231470999999999;143.53385299999999;933.3441991107353;0.16891759937745404;20.686659080226242;28.596041375305855;35.054432061242217;US;NA
6963980;207.241.224.2;147.57391749999999;151.93905999999998;177.45612;158.25300950000002;227.37719799999999;99.581823766711366;37.63101587216979;297.34427280575574;294.12275612227148;2274.9283299818312;US;NA
6963812;104.20.24.135;4.7585294999999999;1.896515;36.006072500000002;1.0624069999999999;70.786957999999998;265.73114077358599;1.6486670942021784;10.927027081320478;2.4491886993153935;18326.453543272888;US;NA
6964228;209.225.49.78;83.933200999999997;82.452704999999995;90.263005000000007;81.876688999999999;127.249178;18.883733979673593;0.0094201431446943994;8.0226690010098576;4.9057745588049508;16.963490424468979;AR;SA
6964210;67.196.156.65;80.878479999999996;90.966097499999989;102.284875;88.294073999999995;141.996701;1535.3612156142201;0.45411783347929097;27.211084568360754;36.213163795451287;104.27346594495543;US;NA
6964106;104.31.72.239;1.8685449999999999;1.9090400000000001;35.844769999999997;1.0101119999999999;64.470540999999997;183.63776383411499;1.7846148901984527;9.3107022084420787;2.5890635838698866;6119.769466152482;US;NA
6963727;54.231.120.185;107.63445400000001;78.995755000000003;95.823570000000004;79.671355000000005;134.68034800000001;166.94717101682721;0.024916101151795881;109.54692700340749;17.298743481104584;155952.12082844786;US;NA
6963889;182.253.224.184;189.567014;265.66219999999998;219.954105;202.582955;271.195446;663.56360313046207;68.781144770209877;16.06851018036512;41.955493468388156;13060.678729504734;ID;AS
6963685;50.97.35.152;113.668631;82.069677500000012;101.81900999999999;91.426310999999998;164.89500850000002;29.11387850905539;11.047896617960985;17.395072090046035;5.3320888205077326;2643.2525675087431;US;NA
6964226;104.20.11.85;5.0065935000000001;1.9113475;36.346177499999996;1.0865415;74.135054999999994;810.77513136767595;1.8245177930926271;10.414494651712427;2.4847202035658222;282.02282168423693;US;NA
6963741;185.87.146.3;11.880962;9.6647750000000006;30.124949999999998;10.304328;158.60355200000001;63.763445739383279;0.011009276132605177;7.7199245743377976;0.025487469941884958;1301.4810917829091;PL;EU
6963689;192.147.0.123;77.728527;83.158420000000007;92.806960000000004;73.858624000000006;130.20290600000001;2326.9268783832781;0.78670559332805645;7.5755156098321033;0.52922724928053688;46.55938353421935;US;NA
6964278;72.21.91.8;76.569999999999993;78.38658749999999;97.477712499999996;98.960717000000002;133.6796425;3.2930816764468784;0.044348830699068247;8.4748010754517829;6.6554675673389019;14558.788156953528;US;NA
6964348;115.231.100.109;353.21786300000002;403.33708999999999;309.77551999999997;325.70688100000001;448.68104899999997;5578.8135250252726;4259.0717814976406;4480.1169954995494;1553.5670589230422;131817.61030650747;CN;AS
6963619;222.73.144.157;377.93671599999999;410.81646999999998;321.16323999999997;217.70038500000001;358.67143299999998;3248.7233572734463;3348.567857234123;2822.0328618620056;2221.7566382652517;1957.3112545042561;CN;AS
6964286;74.125.71.94;9.7850900000000003;6.4549399999999997;20.733345;5.9002920000000003;104.318229;366.3397214509896;0.18353073315013965;6.8333302035123458;0.02575956261547999;317.72014570304947;US;NA
6964114;203.183.234.2;230.89770999999999;247.32792499999999;253.942655;234.720246;284.45496900000001;53.483729512502599;17.364681411698207;7.510474450733847;5.0961398979253678;433.38887535821254;JP;AS
6963547;220.243.193.127;14.118147;8.4395199999999999;23.215875;9.2015689999999992;139.968796;101.41223985275701;0.08574335802853611;8.2168262842682758;27.845696814326512;474.9195907526057;CN;AS
6963671;192.211.12.20;129.99170599999999;147.22737000000001;182.64241999999999;137.683843;170.073634;15.883248275095102;0.32725736609050654;17.015600061350092;864.2502105431189;119.13290860307356;US;NA
6963935;72.21.202.239;83.770385000000005;78.991150000000005;109.12;80.136774000000003;134.281755;1335.1986883262496;0.025290766704922037;6.3334704419595802;18.922248040803726;32609.471973822274;US;NA
6963764;104.19.206.29;10.241282;10.062620000000001;35.627809999999997;11.124058;64.062732999999994;63.86284195960576;18.039894535582999;9.7608071228266287;25.94381877693888;141.81694761217361;US;NA
6963905;176.53.43.6;58.535435999999997;48.766840000000002;67.757450000000006;48.737116999999998;184.43600499999999;16.278647639182203;0.039462574157849109;7.4676974081243266;4.0477828186628582;68.219943521409348;TR;AS
6964054;108.59.8.152;124.06236100000001;83.72475;107.02907999999999;84.328716499999999;123.340825;202.4974165796059;0.2395624251458652;18.260530594893734;14.357226233708543;337.10073926772913;US;NA
6964395;65.97.58.16;79.701903999999999;92.894702499999994;105.6803575;86.291966000000002;139.92501999999999;12756.926815854276;9.6733668119764076;12.110673470048729;6.2840364771363051;75.361434703495661;GB;EU
6964346;54.230.197.250;12.697347000000001;9.0488850000000003;23.096699999999998;15.810143;73.724174000000005;17.31504015059501;0.07442509889124771;11.270943797222953;0.055659052838280716;2057.5734982290905;US;NA
6964282;104.16.15.190;10.276993999999998;10.3781575;35.907627500000004;11.1220205;64.023181499999993;19.293884974512004;18.541809026089801;9.370846265958102;25.90837877809642;46.038039698116002;US;NA
6964470;104.27.214.30;4.5888020000000003;1.8352550000000001;36.215775000000001;1.0069870000000001;65.738510000000005;1632.1951368778662;1.5683966368848457;10.980992386863081;2.4468416715205339;12.436521736030205;US;NA
6964246;216.251.127.130;147.10735749999998;147.12520000000001;161.9835075;154.86661000000001;177.70102800000001;7840.6540709178453;0.38865524832027681;50.315549860781879;16.717906914803578;3384.7285156370035;US;NA
6964042;104.16.65.178;10.350338000000001;10.057485;35.823527499999997;11.1357105;64.228237000000007;19.447222524999756;17.751904509537948;8.8687873006664848;25.807716219818289;61.945019743728771;US;NA
6963629;192.150.16.117;113.59835899999999;112.42613750000001;128.050535;110.0553465;135.04092350000002;11.319222842325669;0.5763542142243373;49.418161063906709;6.5972811338870114;302.50023657015748;US;NA
6964373;104.20.73.64;4.5573129999999997;1.8516250000000001;36.494160000000001;1.0277959999999999;66.657037000000003;177.65622645937114;1.5191609112076192;10.478459493506879;2.4350285929954252;15.601680522380638;US;NA
6963599;88.208.18.30;11.817985999999999;13.061120000000001;23.365320000000001;10.259436000000001;67.607052999999993;1.9101547531943148;0.52557974206550773;7.0039436940958364;0.083810811468858465;308.37256346867451;NL;EU
6964361;220.231.200.140;347.92518999999999;305.56894999999997;433.24302499999999;276.187297;398.12628799999999;9179.9787871493572;1334.3057729365964;17162.716883284284;620.60952455481345;1190.3407396019352;CN;AS
6963802;54.230.197.162;10.362626000000001;9.0515249999999998;23.276154999999999;13.106603;70.404110000000003;124.44305383298413;0.083095945416768346;15.155849285320347;0.03109085198441076;429.32428188966054;US;NA
6964196;37.187.134.184;6.9043219999999996;5.9514750000000003;26.566205;6.0367610000000003;156.317984;25.751796296718325;0.037037656190417878;8.1425858222765388;0.018310560776153697;232813.34133098321;FR;EU
6964472;120.55.238.185;378.38023550000003;363.24536000000001;289.67589250000003;273.59301299999998;239.165232;2320.8197939194547;3547.728064178244;691.25933866567664;2103.5490382339863;159.73271082283256;CN;AS
6963601;199.181.131.249;142.950941;140.41155000000001;156.46825000000001;144.15593000000001;163.07945599999999;11.14727569185259;5.5391796211227389;14.122529961929258;73.604132886228655;50.976373053760817;US;NA
6964474;192.0.79.33;10.631042000000001;9.3017524999999992;21.5324025;10.0942495;145.91196550000001;7.7647113584875997;0.0091600930735764655;7.9253667526269798;0.20952698653845084;73.820191921039211;US;NA
6964494;104.27.161.160;10.268929999999999;2.4167200000000002;35.589419999999997;1.3831659999999999;64.151820999999998;877.56220933745885;19.332145353133697;9.1206190763178512;26.150887735669787;5773.3929806319993;US;NA
6964118;54.230.197.112;10.064641999999999;8.7739550000000008;22.262485000000002;15.757135;59.647500000000001;10982.401835133964;0.053046335915610927;9.1899771114930182;0.050445198336585208;87.79257746682579;US;NA
6963887;104.18.56.71;15.840771499999999;3.1262850000000002;36.287705000000003;1.665629;65.763469499999999;1968.3097490976859;17.522323127999506;10.330051671043508;26.305311826147143;12.611886121743391;US;NA
6964276;151.101.65.95;9.6218900000000005;1.56593;24.359147499999999;1.2112704999999999;64.243596999999994;29.449158839926994;0.012523482024704349;5.8719704651685198;520.15532809186345;327.56400804614111;US;NA
6963873;23.235.33.133;9.6606740000000002;1.620825;24.423459999999999;1.2132205;64.201741499999997;9.7819206426548195;0.017818877182706541;6.311546385476686;0.0087910234680192555;47.83227689530316;US;NA
6964008;31.222.68.33;24.644357499999998;17.7790325;32.616212500000003;24.4068045;113.3902305;14.629013177191402;2.2858635179997169;8.7611479258516312;0.014604256951968717;10803.709503196209;GB;EU
6963471;172.217.16.68;3.856897;2.021855;19.880814999999998;1.6765829999999999;105.313557;4.7846157547684323;0.030083565201835492;6.835727493744808;0.016314179872237634;356.70170980028308;US;NA
6964300;23.235.33.134;13.681155;1.6692499999999999;24.982150000000001;1.345423;66.577933999999999;5216.5086936096504;0.014042985469488086;7.5386884971607575;0.020146631773266418;15.777674611654806;US;NA
6963507;172.217.19.131;2.923009;2.0379399999999999;19.885302500000002;1.40913;99.721363999999994;13.603126843207869;0.036229434279889054;5.7126264167804344;0.019171034093772684;2077.8563131710725;US;NA
6964124;46.245.163.1;68.129294000000002;72.967815000000002;77.372919999999993;66.650587999999999;205.31025;152.81370992303314;167.26070970136848;193.41989060442444;138.84483285576849;324.00900721382976;TR;AS
6964216;212.27.48.10;2.7509769999999998;1.894685;14.5264275;1.1475010000000001;57.933707499999997;0.71841236965840261;0.24159412055082022;24.510529475000538;0.0066077752044619888;149.65596298184147;FR;EU
6963929;218.211.33.75;255.23486700000001;274.18013500000001;310.97506499999997;239.84106700000001;340.23405200000002;12.700873214667128;1.8489169158453114;219.22141748428214;706.02823542732813;82015.80714224049;TW;AS
6963585;124.127.180.200;418.507092;292.62642500000004;329.24373249999996;341.44612599999999;394.50939100000005;4887.9095219088249;1265.7902355695721;3994.2520213950229;2473.4154692434922;2062.4364559737178;CN;AS
6964350;192.33.31.72;5.7987849999999996;1.679915;30.848950000000002;1.0784235;146.45494150000002;14029.573078633359;0.014437374730002527;9.6422542155698441;0.013378144865052295;235.46350492515288;US;NA
6964463;87.250.255.11;52.002442000000002;38.998932500000002;73.834949999999992;36.893523500000001;186.99498199999999;54.864058390687752;0.61823386832282434;11.681157179776221;2.7468531321687388;117.76609618519821;RU;EU
6964484;104.31.135.74;1.9034884999999999;1.6140950000000001;35.606032499999998;0.99750500000000009;64.146445;11.501702870947954;8.4140589638754761;11.209483485680545;11.689337483085112;767.0633263620133;US;NA
6963703;23.206.35.117;4.8579850000000002;1.6509199999999999;14.270692499999999;1.1022054999999999;141.95407699999998;2386.1962958161789;0.016221556142530451;8.349727270888998;0.01803844504981314;5362.5900466700659;NL;EU
6964184;92.242.43.216;60.398604000000006;59.640287499999999;76.28128000000001;54.577493500000003;182.66346049999999;590.60641787558211;24.945379324312398;37.92937443400784;511.95371005553636;65.84956746693075;RU;EU
6964158;5.134.209.108;45.318921000000003;41.338684999999998;81.8752925;38.384991999999997;201.66416799999999;154.26645237691301;0.032115270912177141;10.19562815062579;0.77742811631495923;26805.475576363311;PL;EU
6964447;178.236.137.157;53.738890999999995;44.217230000000001;80.459122500000007;43.940750999999999;196.282792;4.2317761400168727;4.253893965143356;11.964305779853799;32.321935694993506;34.432363863975141;GB;EU
6963625;163.53.78.58;184.42602149999999;148.10161499999998;180.447215;135.088233;280.05240800000001;143.86056007454155;1.5009210555147889;19.284520874999146;19.218047731410749;1943.8518727595485;IN;AS
6963705;104.94.192.167;2.3758084999999998;1.8186974999999999;11.807639999999999;1.354214;92.383506999999994;2.8400107918264852;0.037408222798288392;21.430366514657067;0.0191161111440321;22605.647441077086;US;NA
6963477;111.13.101.208;245.18020899999999;232.52800999999999;229.21991499999999;191.38292000000001;353.44595900000002;78.37733750226532;22.042743073975085;764.90469932974679;34.492604059711297;1306.9098559981451;CN;AS
6964048;23.205.220.82;10.742018;10.123899999999999;42.090937499999995;14.282063000000001;146.192669;1157.8979349373662;0.03781284563849395;99.441930504755774;3.4274061872085722;3112.540132014452;US;NA
6964379;104.197.47.161;108.051478;104.05491000000001;122.8310075;102.22065449999999;137.50505149999998;277.23015069656901;0.074163556101939559;6.5225686410348223;0.13251883139192647;171865.43784507576;US;NA
6964068;161.47.7.14;90.170897999999994;95.870377499999989;107.0182325;107.98278550000001;127.917338;408.16945161407159;0.010609908755857629;7.1391860682976453;0.0083492047076890574;45.91058383701791;US;NA
6963850;107.154.110.40;100.42062799999999;105.8871675;136.01625000000001;90.164816500000001;149.2231975;6624.9043425537648;9.4195921931328392;15.100612249421539;74.929136234761486;1748.1602427320831;US;NA
6964224;213.174.158.154;88.578834000000001;83.924804999999992;106.65387;82.004046500000001;139.04182;33.492502669628301;17.063849839952272;8.8696412564366423;0.7233263775244978;8374.8598355451268;US;NA
6963633;216.18.168.1;16.313859000000001;10.583914999999999;21.550525;11.489098;102.915093;103.08875574279617;0.04425369182760848;47.69451814107677;0.025702833301542147;12.775607199098388;US;NA
6963537;192.0.78.17;11.8801945;9.2581775000000004;22.333572500000002;10.197948;151.69807800000001;5.4701909617652564;0.026220157029210777;6.7204034264880557;0.15734194996000611;131223.56827008858;US;NA
6964230;72.52.8.197;10.898690500000001;10.237647500000001;35.782137500000005;10.203390500000001;64.200973000000005;16.020994625503796;0.0097588362848769466;8.4982918518178803;0.01041868083523894;330.48369836957539;US;NA
6963891;46.28.209.20;20.185347999999998;18.882792500000001;34.564132499999999;33.758485499999999;157.0172475;3.6766643590052133;0.045190231376863295;16.859423302935568;2.3563943027645493;46.696253068458162;ES;EU
6964357;103.10.4.216;277.42853600000001;289.04400999999996;306.24892499999999;287.27731299999999;339.42266000000001;46.176495572493621;60.22195754826636;13.098620948030867;1204.788587960797;103.46544914669117;TW;AS
6964399;216.35.221.76;84.082193000000004;79.720349999999996;95.893150000000006;88.831560999999994;144.11446000000001;658.47757522209645;0.088965274332694758;122.29017000523069;24.794292513406585;2522.1044230156272;US;NA
6964016;159.226.6.133;387.45146999999997;298.72349500000001;359.13193999999999;262.97227500000002;374.39777099999998;2214.4600044275394;2082.7637891221102;42.062520018746639;10.076951014260114;48389.489752425361;CN;AS
6964427;69.89.74.80;138.68469999999999;159.68346;178.08876000000001;161.977281;170.00989000000001;15521.301648182593;32.049085945938877;12.715715694349358;320.72293690754702;251.73222427591071;US;NA
6964264;185.72.231.14;58.126091500000001;52.648737499999996;68.742040000000003;48.407707000000002;220.68945200000002;578.73081222458143;160.70002991626748;524.08569614102828;521.43294613382443;4340.8209094031217;RU;EU
6963745;107.22.178.157;83.976208999999997;78.802750000000003;92.451445000000007;80.360425000000006;134.171931;1.7367994015531005;0.013957376949743415;80.58157959527226;13.764389419866541;97.627902595049122;US;NA
6963659;212.58.244.22;12.44237;7.8587850000000001;39.537394999999997;8.4778520000000004;146.95299;17.485257371681254;0.010754072476532405;6.4554362988119269;17.641045998137287;119537.61330656687;GB;EU
6963597;106.120.151.169;416.46881999999999;380.58055249999995;336.707945;280.54342099999997;310.9889905;13756.146630521836;903.64007266538101;4353.5869118591172;222.19068730281606;138312.87397627314;CN;AS
6963473;172.217.16.78;2.6238725000000001;1.968745;19.830655;1.56901;99.74248399999999;14.222312720158119;0.048291578053916866;7.8871127698276666;0.010004288002513795;239.41613513883644;US;NA
6964397;111.206.208.220;423.59432500000003;339.61907250000002;392.19698500000004;386.97075199999995;432.67707849999999;3353.7015820654037;1623.3027780794046;1141.2977600442755;2569.1686338518416;2324.085062799973;CN;AS
6964262;172.217.19.132;4.3564809999999996;2.0273474999999999;20.072612499999998;1.5035160000000001;102.6048205;202.43442867835495;0.021245207387856575;6.6935744525525207;0.016509892323345512;3850.9083447500025;US;NA
6964064;206.108.40.108;154.13225499999999;150.59703500000001;166.81449499999999;151.12534600000001;185.51504499999999;9.2245008729540441;0.078016575126259979;45.236027899015873;33.445501107803167;10737.89006485668;US;NA
6963814;194.132.198.165;11.333762;9.7554149999999993;18.219245000000001;13.548196999999998;154.86531099999999;1.6967364006256238;0.0091008151532821647;7.1118349708463731;3.1294627425310586;12928.090023208955;JP;AS
6964417;170.20.0.18;84.921616999999998;83.820419999999999;99.49803;82.458844999999997;132.342555;20143.883577075751;0.23237325073833118;8.7425917951738406;0.7678917883274371;61658.219820517268;US;NA
6963717;192.229.162.112;74.602767;79.112962499999995;96.789625000000001;85.824641500000013;134.19804349999998;3.0963118147267283;0.040687868262947166;6.3036978071449186;20.456129524403664;16699.837876944293;US;NA
6964028;83.66.162.3;71.568398999999999;69.867265000000003;75.149609999999996;63.286034000000001;217.24113199999999;42.668584260724458;37.895026440975357;34.404318380753729;25.796192488059166;8804.5478236766066;TR;AS
6964336;77.88.55.55;54.344842999999997;38.980194999999995;74.460984999999994;41.715287000000004;187.018022;352.33524938542149;1.3108834794124065;10.438984452250805;8.9979747004525805;70.532506583753815;RU;EU
6963915;58.68.250.146;361.21504800000002;390.85737499999999;305.70662499999997;281.461253;355.97805599999998;3110.2178024614186;2009.2868490368069;741.27738094038421;207.11133582621187;880.20892208234477;CN;AS
6963788;154.53.224.158;15.156483;10.793105000000001;24.714865;11.065865000000001;176.881955;88.387223812858096;0.070578313660711295;6.7908224586640644;0.01368820155263561;4779.541518754595;US;NA
6964026;104.16.59.133;10.255106;10.37805;35.80979;11.155457;64.313868999999997;25.717189378686584;18.151600093101358;9.9464118581546312;25.958699114608841;69.252431244421444;US;NA
6963521;104.156.85.84;9.7858579999999993;1.58884;24.605560000000001;1.342573;64.439053000000001;2.8561846997469247;0.0609930720608821;7.6169922927646665;0.017889278219381105;4747.2696101117835;US;NA
6963735;203.209.152.60;228.188974;248.62557000000001;275.63485500000002;258.50074799999999;252.738867;1.8476502914685144;2.41320690057541;13.058088796815985;14.385810919279928;2753.4123925374074;JP;AS
6964342;180.179.112.50;108.04226199999999;110.52461;132.964675;104.902242;249.160753;2333.1839483673375;9.8336335593206812;54.896859556954475;11.623600373485077;306.38907252230513;IN;AS
6964459;104.20.51.56;1.923073;1.69312;35.640774999999998;0.96126;63.982861;389.67295131674643;1.6731373593960774;11.306671347424402;2.4714937895192541;195.05839872101703;US;NA
6963982;104.156.85.64;9.7347859999999997;1.6262525000000001;24.620592500000001;1.2665134999999998;64.093452499999998;25.406441184761334;0.012008514355980464;6.7068766705041094;0.012797573194410519;111.94301288609111;US;NA
6963933;208.85.40.20;144.49922900000001;142.14703;157.60181499999999;164.75705600000001;160.47209699999999;9549.974143178295;21.871069542494741;7.9429963200408258;1.940233877904024;20327.448836157011;US;NA
6964036;97.74.104.222;153.43759899999998;133.928425;154.40049250000001;154.8031325;166.687906;6.4430699986266546;0.2732994666871551;11.076199231684333;4.581642789670676;285.04016248076664;US;NA
6963715;172.217.19.142;2.5259529999999999;1.8528875;19.688072500000001;1.3797189999999999;99.611924000000002;3752.9149925577317;0.023024287202658533;7.0820627232825313;0.0075698466550931636;62.913970198481422;US;NA
6963875;104.20.23.247;3.0965769999999999;1.85453;36.481920000000002;1.0470225000000002;65.993870000000001;12.642272674158054;1.6914631098565869;10.248276344129819;2.2937498330284587;15.742275826434518;US;NA
6964468;192.16.31.23;80.862735999999998;83.314414999999997;126.646435;86.705883;154.05391900000001;95.029311205229888;6.6110561772319167;8.7751936913169075;20.079969319162103;187.70143171149653;US;NA
6963828;220.243.193.127;10.496642000000001;8.2959025000000004;22.661389999999997;9.138503;126.4466175;25.005281657278857;0.055380211069611669;7.3847415397091281;35.63133508276637;342.0885226588606;CN;AS
6963543;220.181.90.20;308.31058999999999;387.91429499999998;264.81937499999998;282.31811099999999;333.83200299999999;11931.061428026891;816.16988306117594;1447.5331177595381;209.97866936644485;2289.8017503848496;CN;AS
6963511;180.149.131.31;295.82521100000002;392.35210499999999;329.11950000000002;296.66066699999999;323.51008100000001;5300.400136572006;4015.3460410392136;3880.7824092426849;278.56362543069918;599.62811256544705;CN;AS
6964254;173.192.117.80;145.788702;113.65858499999999;130.46373499999999;118.53397899999999;165.55011300000001;2549.3686419838773;12.193006696940529;12.994268613519365;1.1994288507165105;3484.0672210949183;US;NA
6963483;104.244.42.65;10.194050000000001;8.9613024999999986;22.566724999999998;15.9181335;163.302177;4463.9364096043837;900.60518598181272;15.055073230522009;0.045254540525661184;964.42531217848557;US;NA
6964164;104.16.64.153;10.329603000000001;10.000904999999999;35.684989999999999;11.144332;78.280719000000005;1337.1205468530516;17.238488788898234;10.854279056481678;25.539943105514695;745.20818713855397;US;NA
6963575;216.58.208.195;2.4794885;1.8549925;19.316565000000001;1.5937220000000001;98.841236500000008;0.57307965058128507;0.01318620024127428;6.5196292027883658;0.016339925023824812;43.851179638645206;US;NA
6964413;23.15.77.41;2.3965449999999997;1.5030000000000001;11.797545;1.9891394999999998;127.79100199999999;2566.0801398340109;0.030449463966138703;6.7937497858782212;0.0065486900499884329;1702.2096456855868;NL;EU
6964401;210.139.248.1;238.6760165;246.12216000000001;267.24207000000001;230.22333449999999;263.07653299999998;1409.6609069026383;90.736538241925103;12.097323310195108;1.4637551437982455;945.79361333225495;JP;AS
6963846;63.245.215.20;144.466205;143.604525;154.52430000000001;144.707086;166.53469000000001;26.426345773453463;1.094161428080801;7.4120049069781571;2.4923599177900861;17263.983609872903;US;NA
6964252;75.98.93.51;155.12758400000001;158.79686000000001;187.607505;163.97898599999999;181.41238799999999;6.1681972950731634;6.0914676417791016;20.445849573587832;31.854564189026231;51.138639865953714;US;NA
6963774;203.190.242.69;210.028074;271.71736499999997;229.898065;208.81425200000001;294.36217099999999;2211.9585748354352;217.83315877336281;250.25988982309869;117.01402512944676;19883.724210590517;ID;AS
6964172;23.200.86.121;5.9493135000000006;1.5369649999999999;9.7997149999999991;1.6365855;143.33570900000001;22836.203652229389;0.014786651142754178;6.8216973439784772;0.034004392924785937;39.874127257504668;FR;EU
6964302;81.17.22.114;20.365060499999998;19.17351;25.087485000000001;18.985498499999999;142.07119649999999;115.4273007248583;0.62859180940811976;14.285007754435865;3.2844813216899853;11417.681850873039;CH;EU
6964318;23.35.125.139;2.2540809999999998;1.598835;14.198399999999999;1.128617;171.23101;3026.5846970991274;0.058490547478234012;6.0862145658563023;0.017615765335163583;63652.419134677402;NL;EU
6963639;104.20.0.4;4.7746569999999995;1.6886925000000002;36.365475000000004;1.0787784999999999;65.006220999999996;3770.3499963927748;1.9581088068438837;9.8748416107514174;2.3254759391982431;23.349139564065435;US;NA
6963776;104.70.253.135;9.9079700000000006;8.0780999999999992;50.508339999999997;7.7193849999999999;138.91126;14.206745390168267;0.015412213959215521;8.9859061737827588;0.22390877945343027;3710.5010978911719;US;NA
6963978;119.145.147.181;307.99686199999996;409.30048999999997;371.51780500000001;309.73376450000001;333.51942699999995;2923.0761686375736;2954.8298730698766;4677.8154060914821;222.31862831505828;2804.5832304378214;CN;AS
6964046;213.180.193.105;58.851084499999999;52.970150000000004;74.133170000000007;62.897151999999998;193.8685825;4.8961624353053317;1.8734059836731332;16.786551348424496;18.873879256505429;153202.42365614409;RU;EU
6963976;192.161.154.1;84.335633000000001;91.277954999999992;110.99359;92.968831499999993;144.3152935;35.378705951351549;1.62012829174635;10.545523285407331;1.4214891329612303;66.589714314500753;US;NA
6964421;104.20.81.244;4.053121;1.9669274999999999;35.965327500000001;1.095291;75.278991000000005;130.09642917255414;1.7769719327564437;10.185534503200683;2.4529433873022719;481.52074292173239;US;NA
6964212;184.51.148.153;2.5374720000000002;1.434585;11.742100000000001;1.88263;92.237971000000002;9.4830637566901341;0.039731683962091181;7.8286516055852999;0.011734161403491981;38.76577302496144;NL;EU
6963792;172.217.20.41;3.5197449999999999;1.830055;19.957554999999999;1.41984;112.33384700000001;1114.2984433982649;0.033374404538672693;5.8029334238748058;0.011315016326731995;5148.7311035118555;US;NA
6964338;209.15.209.70;91.317521999999997;98.499375000000001;134.45507000000001;106.359465;172.635683;5.0824949142430595;42.191638807738315;9.9190995731093743;0.74829330977586905;130387.89364905831;CA;NA
6963939;23.3.148.75;3.8530569999999997;1.7387025;11.6255475;2.1194290000000002;134.06364300000001;4.5648298395117255;0.025621834611477701;44.991203984201;0.014508274206755179;142747.00320492525;NL;EU
6964330;93.115.81.41;53.164811;42.891889999999997;64.491225;44.002563000000002;92.894994999999994;2.600070736194894;0.18222965196896965;8.2676058632462794;2.7273960773979473;1566.4246154215341;RO;EU
6963943;77.75.79.53;22.051205;21.845077500000002;38.609729999999999;17.499677500000001;166.2328655;2.3230404622918877;0.50845626288644508;7.1084106810416907;0.019924555434148773;7166.7174848503028;CZ;EU
6964240;151.101.65.52;9.8553619999999995;1.6111;24.613902500000002;1.3733840000000002;64.190989000000002;49.170436084342512;0.0136693060913407;7.1763615434569008;0.014773439202531977;366.81076101853665;US;NA
6963988;54.192.198.72;10.205185999999999;9.0406899999999997;22.365659999999998;15.795374000000001;59.295755999999997;102.60950048088344;0.073600306289214129;6.8301139734818426;0.058131321929610527;137.70643492202427;US;NA
6964038;104.20.75.106;1.818624;1.751555;35.615645000000001;0.971889;64.176396999999994;967.47034592827652;1.7030529798218585;9.700620861055695;2.4192917689659832;5473.5465317081753;US;NA
6964050;203.209.152.98;228.03844699999999;240.51000500000001;274.38524000000001;281.08368300000001;254.698035;12.780393970619897;6.2930390141702199;22.108849433309011;30.134649353532375;3703.9083436138121;JP;AS
6963784;23.200.86.152;2.6995200000000001;1.517665;9.8862500000000004;1.714817;141.573916;0.25037698582223239;0.0096494809705203969;6.5772943835205968;0.044546476212507909;22.208151897008012;FR;EU
6964492;72.163.4.161;115.41429599999999;111.74093000000001;126.30081;115.371499;135.236379;4290.4664491100903;6.5609657970939361;11.22482232197625;6.2831355322318219;479.93886080934379;US;NA
6963808;54.235.145.223;109.569046;79.31841;95.330510000000004;87.838763999999998;136.12572299999999;32.555161866190915;0.16449167088949299;121.73325317418545;5.6779228994445132;11.673589270502358;US;NA
6963495;183.79.135.206;251.48395400000001;270.09487000000001;284.88285999999999;265.87254999999999;276.24811899999997;6.3326460094837707;53.941526441203571;31.608254126003278;13.290938435130199;43049.65338411319;JP;AS
6964010;118.145.26.112;406.18222549999996;311.80531500000001;317.58412499999997;185.95134050000001;267.56856600000003;1673.1171119518926;1676.8462476724694;4307.6254050767348;533.27537753049614;494.11828946842638;CN;AS
6964232;119.254.11.66;358.08736799999997;361.6079325;380.17112750000001;306.041359;414.83413099999996;61299.076868529191;2682.0250025040036;5045.7335660713516;1160.4285259143692;2986.5893331445536;CN;AS
6963866;130.211.186.109;107.40328599999999;104.060455;131.57682500000001;102.20137;129.20296999999999;3.547687627288886;0.070164625806704281;6.4462766777609302;0.15155193451946025;2240.7629636295483;US;NA
6964365;222.223.239.125;453.38812300000001;346.02635499999997;296.28471249999996;313.53789999999998;372.01697049999996;3911.67380470541;4508.667311567363;3930.0647012309687;344.7559834927294;45825.286166248567;CN;AS
6964094;151.101.128.175;9.7144340000000007;1.6063350000000001;24.46265;1.3091349999999999;64.247821000000002;468.87871752426759;0.011134139894776404;6.9839413363721468;0.014878927898102716;101.35600049366234;US;NA
6964000;101.201.172.229;378.75617199999999;383.62700000000001;258.93709999999999;279.047281;254.80709200000001;648.84510777295122;3026.96793781116;441.90876417840417;670.12318157074799;568.92714122594316;CN;AS
6963968;216.34.181.60;98.307860000000005;99.271585000000002;109.58096500000001;105.057591;145.688862;44.649636563920808;0.048810669344483054;84.744683057439971;34.795136200446791;5270.0866657802726;US;NA
6963551;151.101.1.69;10.001666;1.7185349999999999;24.904344999999999;1.4144049999999999;65.204750000000004;1522.9882013462325;0.039346826634373486;6.3981152481469321;0.018121240434429333;2570.2563239602232;US;NA
6963605;66.235.120.127;81.897616499999998;78.630267500000002;94.676095000000004;85.941880499999996;131.30537000000001;82.578671635733343;0.034580994116406916;11.077075080511838;7.0737375539550618;39.742830787773265;US;NA
6963826;151.101.32.68;84.406288500000002;78.837385000000012;96.434467500000011;83.975848999999997;149.11452600000001;89.800024221047266;0.19407169896418078;33.036648040320003;198.92744693364466;1076.29058662386;US;NA
6964367;141.0.173.22;14.903810999999999;14.054415000000001;32.247335;12.599361;166.74204900000001;3.1296371676062225;0.73228430471371664;8.1896158066494813;1.211104330440079;1195.9833926810677;NL;EU
6963509;172.217.19.131;3.075841;2.0824400000000001;19.730370000000001;1.385761;107.47240499999999;0.6905280340519957;0.026591194470748893;43.510084774593814;0.012761852227393311;1358.0186275683261;US;NA
6963645;110.76.19.33;408.94395400000002;365.25844000000001;396.91402499999998;339.36627099999998;377.70708400000001;2665.747851106456;4519.6786576699897;4243.1708704212397;3078.7214970623036;5100.3531648977414;CN;AS
6964126;172.217.16.67;2.6856969999999998;2.0914000000000001;19.460502499999997;1.4924035;99.330835500000006;84.729356173008853;0.045821963624168509;7.1545317994352748;0.0041562212680776684;9259.553656173206;US;NA
6963519;172.217.19.131;2.6657289999999998;1.9992100000000002;19.497697500000001;1.310602;99.392660000000006;0.8671553414612424;0.0088832144602658449;7.0756693976230318;0.0082084864775298569;54.205093185956102;US;NA
6963669;104.16.51.93;10.274305999999999;10.438845000000001;36.30921;11.127503000000001;74.211855;24.019267898516876;19.169162668018167;10.432523726959175;25.599632417848504;302.20605395180348;US;NA
6964198;124.243.228.203;391.46273400000001;398.58024;371.32855999999998;283.25950599999999;421.84558900000002;3797.8752340041488;2424.6276554084106;6524.307425482084;223.05938477350008;5738.4129015054841;CN;AS
6964244;103.6.0.2;202.903336;338.96853750000002;221.78747750000002;197.7489415;287.52044149999995;1624.7445505660503;452.3860241613072;59.176080758315692;82.64504056075657;168.21566099678046;ID;AS
6963653;106.120.188.48;398.18350400000003;299.959925;328.02307999999999;280.79213199999998;405.17230499999999;7636.3902878742692;1418.9066687670099;4107.7012493736365;173.52982962722959;9214.9386101265591;CN;AS
6963899;109.71.160.200;17.536515999999999;11.752265;30.026579999999999;6.0550959999999998;69.891086000000001;608.59208311799068;0.24749650167402573;9.882944111389909;1.274666654725316;100.20226925660019;LU;EU
6964200;202.80.220.213;204.920874;312.23001499999998;224.558335;213.58001300000001;308.92115000000001;80.458598065377657;43.313253629393394;70.15578658437741;91.764385864254223;1629.028462864185;ID;AS
6963613;202.108.8.82;436.499032;339.43022000000002;391.13970999999998;363.45363600000002;445.53916199999998;2847.8868232386226;1233.6041105694471;1478.2273726836274;3104.5466671834934;2736.7740882860262;CN;AS
6963733;94.182.163.3;104.25295;102.39624499999999;107.04545;96.037582999999998;266.19883800000002;3786.456879310032;2480.5127811201005;2325.5901262252182;4547.1407492552116;1454540.5920850255;IR;AS
6964294;209.58.128.90;181.69270900000001;144.520565;165.50020000000001;144.74759;163.426593;6.6604123325152482;0.016660985793889388;7.144160070044868;0.80710559632601298;124895.82855991065;US;NA
6964258;198.176.43.184;142.47132449999998;143.7069175;151.24241749999999;143.3951045;161.03043200000002;2802.0582566631301;0.2953583362430876;11.018765720384797;1.5694026502320124;35.381188059028275;US;NA
6964208;216.200.199.56;142.59113300000001;142.98552749999999;152.29741749999999;146.7273605;171.88765050000001;1472.5017339185301;1.4898165592703598;9.3644213004483401;1.48218776566803;1247.6707322015534;US;NA
6964332;64.94.140.201;140.87657200000001;147.52397999999999;160.26780500000001;142.04557399999999;167.06768199999999;2941.6043399648711;0.33768647977190475;7.3315114086275388;15.233330220831258;50.483835006730345;US;NA
6964308;104.24.4.33;1.9115530000000001;1.7773600000000001;35.549239999999998;0.96369899999999997;64.455949000000004;115.21963718898583;1.8267113719050896;10.241224369802763;2.5233185886617608;48923.050158355494;US;NA
