mesurement id;Destination;median(max RTT) from Gandi;median(max RTT) from mPlane;median(max RTT) from LISP-Lab;median(max RTT) from FranceIX;median(max RTT) from LIP6;variance from Gandi;variance from mPlane;variance from LISP-Lab;variance from FranceIX;variance from LIP6;Country;Continent
6964280;5.79.69.118;38.956806999999998;16.931315000000001;28.168810000000001;14.336650000000001;101.61947600000001;70.747535295997196;12.076796259376694;83.473501582146895;775.55492008996066;2505583.722671051;NL;EU
6963713;42.156.162.55;390.83911799999998;384.97450749999996;359.726135;307.65893149999999;342.42592450000001;37166.564307369001;5226.9534370092888;4254.4054105276973;600.07622341821684;2930.7525141883539;CN;AS
6963655;223.223.182.210;339.81011599999999;350.60770500000001;257.11952500000001;410.24735600000002;331.81139400000001;825.93893457335332;3808.5830939788225;2169.6016082030796;2696.413489675203;67124.465069439422;CN;AS
6964214;172.217.16.68;3.7186560000000002;2.0496799999999999;20.163550000000001;1.8604909999999999;102.037268;37877.041161729197;1.6825106106317758;138.61030433635449;46.441625689539336;4072434.0684710578;US;NA
6963583;111.206.227.118;442.73173700000001;348.12473;390.19626249999999;381.95103949999998;494.61590699999999;250935.34821807858;1953.0432578708155;3721.4694210034845;2554.9201941415231;4273.3015069052626;CN;AS
6964034;121.14.241.75;400.142672;419.64079750000002;384.72209499999997;310.37285199999997;340.54931599999998;383394.07751671073;2581.9336047043812;4810.2889526264044;246.50320926238382;1927028.7086569006;CN;AS
6963772;104.20.93.127;8.1189134999999997;2.0997124999999999;36.557382500000003;1.2690085;100.78274;2262.2807141182252;16.430775199513224;126.90776052431396;99.125170579379926;28799.549663364553;US;NA
6964238;120.134.33.10;301.820988;330.218705;299.43934999999999;319.58034400000003;369.924938;1812.8030792430857;43.821854578488228;649.1015320058259;348.38672369001245;7497.2990815542153;CN;AS
6964204;151.101.129.34;16.578052;1.8332999999999999;25.850629999999999;1.4820420000000001;67.902735000000007;29600.748126476377;18.720196682669453;79.515818938515395;0.56899871796939971;4765.7690447675577;US;NA
6964080;68.233.77.233;96.758803499999999;95.73219499999999;123.65607750000001;95.823381999999995;149.32495799999998;16595.934515767873;50.344167841673446;162.92491959753559;260.17014170956679;3470572.6950041796;US;NA
6963796;82.165.230.17;39.710216000000003;24.097560000000001;37.673250000000003;16.801290999999999;153.88803100000001;199742.17001385527;2.7566983963677081;976.03053449473987;1008.8975527931385;69170.178440009084;DE;EU
6964160;92.122.19.40;9.7497620000000005;8.51065;19.814340000000001;9.2785430000000009;130.25359399999999;42881.726517723881;4.4580403856452193;127.86603693762667;16.159079438383856;191104.55539408739;GB;EU
6964290;165.254.226.65;157.86320000000001;158.81384499999999;178.89191;168.91028800000001;177.24905999999999;1783.5571094964318;2.9941101646942494;47.81768224026149;188.21874778777908;21112.361827946672;US;NA
6964100;104.20.69.204;5.6778255;2.15171;36.893079999999998;1.2194155;77.10529600000001;442.35126772887003;10.191284620949398;151.08622546718172;3.8584834000143817;35685.417670417133;US;NA
6964170;204.155.149.139;111.196438;111.91314;142.971225;129.51774700000001;162.21852799999999;1382.4123169399049;14.319628900843041;45.826393874313837;2499.0284484291856;1296826.3912511428;US;NA
6964190;202.102.90.109;438.53039100000001;443.26894499999997;440.14463999999998;363.97869400000002;495.35011500000002;4945.3230137884739;5377.4513979437343;10666.329352238701;3563.1264670165883;68757.635439938924;CN;AS
6964248;104.28.27.209;10.5761305;10.0747275;36.092807500000006;2.5791025000000003;64.657933;88.37542264517684;18.31115392708465;42.846354228663351;94.309604740736816;320072.70395108638;US;NA
6963917;91.211.75.193;19.055620000000001;16.422045000000001;28.770959999999999;13.942598;153.38038299999999;2842.08010694533;0.79523951057796649;19.03655412823354;0.73420600627598176;4006581.7580018668;NL;EU
6963667;54.222.60.218;380.01492400000001;334.47109999999998;396.33251999999999;402.80005499999999;422.58670899999998;2985.4343322148861;1784.2742134712694;3908.4051356104428;3140.2602730450049;21776.844301746441;CN;AS
6964314;104.20.66.152;7.3416980000000001;2.2116949999999997;36.575145000000006;1.2609364999999999;122.39080849999999;15274.624996844643;47.636522842799756;827.97955103068671;2.9461094309578004;3369333.7602227717;US;NA
6964411;81.171.123.200;26.845829000000002;17.664772499999998;37.462530000000001;20.929510999999998;151.085982;1308.5480790150359;4.6262378580397305;330.47367991275695;100.14127650317468;533120.82822928159;NL;EU
6964435;104.20.43.155;10.49165;2.0242200000000001;36.841825;1.3029740000000001;69.624589999999998;33315.178390498389;5.6225850861266284;139.43918162895952;3.5438878515748997;14226.149188962796;US;NA
6964326;91.195.49.131;16.841092;9.8239000000000001;31.21603;11.186693;172.96054700000002;744.29127908904672;8.5534786814450108;108.07944751249401;60.152844301236968;2088767.4615793081;DE;EU
6963901;104.25.24.99;7.1255050000000004;2.2030599999999998;36.685994999999998;1.2658210000000001;98.645011999999994;912.95204672712975;10.605553951740095;515.57993261651973;50.406791703015401;35009.031990975927;US;NA
6963762;104.20.29.48;2.4990730000000001;1.9908275;35.881810000000002;1.2152054999999999;64.743180999999993;66.683036785377041;4.0779415668684242;71.662459317137206;64.478547251904573;370.84890026675527;US;NA
6964142;193.51.224.8;2.6611210000000001;0.98636000000000001;8.8853550000000006;7.3454360000000003;58.803468000000002;163.19410275133868;1.1769132688873294;14.570205984794011;0.31376902369986626;12520274.260201802;FR;EU
6964102;104.20.1.139;1.8324484999999999;1.9194675000000001;36.061322500000003;1.1470009999999999;64.696717000000007;119.3648111549505;3.9550633573218996;51.744241019691295;3.4946801466372959;2713051.2317654812;US;NA
6963955;182.253.238.102;191.56343049999998;316.16705000000002;225.3166875;202.24781150000001;285.70335349999999;272.04734365147544;1037.3836254520952;1336.7058937947356;150.61254837162232;2709.5534601587447;ID;AS
6963503;114.134.80.162;257.25086800000003;247.669905;228.19709;254.80915400000001;259.14398799999998;24252.732433993035;358.10973041006923;306.40676291829004;1679.6257754459875;7267.4809486231552;HK;AS
6964260;194.50.69.124;20.017924000000001;9.9330274999999997;31.131059999999998;10.802868;190.46134999999998;11132.866663437982;4.1995652522402072;189.18813669117333;5.5784806007614547;762899.99392360519;DE;EU
6963615;216.21.13.12;13.447683;15.3512225;37.615042500000001;15.069738999999998;178.628388;703.19919820431403;19.476600519497996;44.517717639431559;28.1329337246531;5564612.950919074;US;NA
6963895;212.77.98.9;51.391882000000003;45.191409999999998;52.290312499999999;42.777554000000002;213.3930665;18421.705754072682;14.662495657789504;2295.9417468919378;55.458372894101892;46246.060385752578;PL;EU
6963919;151.101.128.230;18.278019499999999;1.9865650000000001;25.412422499999998;1.4783270000000002;80.260239999999996;26185.182598757823;2.8813071145445561;52.895513620898917;1049.6387927472815;303085.92745642958;US;NA
6963768;104.94.192.167;2.692993;1.8965974999999999;12.215042499999999;1.5329524999999999;93.336595000000003;22851.800854115616;17.946937015567798;220.61464655344838;1.4940377586044913;61873.71689462522;US;NA
6964112;176.32.100.45;83.801105000000007;78.84519499999999;96.341675000000009;80.295408000000009;134.64924300000001;17825.241534957695;15.090619194004532;1713.5009893711729;157.38502906319357;1019334.7554421293;NL;EU
6963879;212.97.32.174;29.817222000000001;17.857357499999999;29.279497499999998;17.421720999999998;141.28553249999999;50469.354788289769;2.7477209157784563;45.742080294159763;55.939069662966197;325470.32897218916;IT;EU
6963885;125.6.146.13;238.55697499999999;239.79224500000001;251.87752499999999;270.64304700000002;300.98617200000001;49716.676357698481;71.991043262551159;1666.6232579263435;204.33621817390042;73812.658846124948;JP;AS
6963911;162.212.41.11;228.19050999999999;231.76044999999999;251.308775;217.84058999999999;328.919107;230850.96583495548;8168.7343408117558;8468.6229606483721;8144.9143883539264;4178235.02801851;US;NA
6964451;121.40.21.118;377.93364300000002;466.001645;420.05856999999997;354.93548800000002;493.60521799999998;120442.17369041138;6140.071047004536;4305.4562291702059;3835.5820414268983;3649739.1150614647;CN;AS
6964296;220.243.193.127;11.246594;8.9612649999999991;23.418780000000002;9.8458430000000003;140.79977199999999;53082.174956464019;34.126997122051968;16.605112987489935;621.89697819710921;17013.638368880827;CN;AS
6964465;216.33.197.90;80.272912000000005;79.168599999999998;95.565560000000005;87.428685999999999;135.93986699999999;3125.0214968086093;5.466866796487909;297.86957266402237;145.45196641070504;1099964.1154458865;AR;SA
6964437;37.48.119.34;39.030535499999999;14.49985;30.269282500000003;15.493081;68.513294999999999;1004.0317883253243;17.245765704471911;54.10581655048825;222.18650197716056;10238.298849423636;NL;EU
6964490;49.129.31.76;233.32535799999999;227.26707500000001;274.55463500000002;285.87214999999998;279.94220000000001;116.28581437425446;41.866171801655568;72.186471303821705;1630.8471842390534;28108.019474839213;JP;AS
6963485;172.217.19.131;12.57677;2.2589575000000002;20.931784999999998;1.5585580000000001;130.83305050000001;12170.59795887628;0.6526988437617165;218.33377212770972;1.2709134795117754;3923187.3535284903;US;NA
6964423;216.146.46.10;79.896975999999995;78.573274999999995;92.288300000000007;78.625956500000001;127.11247399999999;90.950305905981097;7.9698623861429843;104.39950726699367;1203.7543047103222;7248643.675900409;US;NA
6964405;203.66.53.8;276.78610349999997;270.05644000000001;283.82651250000004;296.26334750000001;287.92940199999998;15067.624301766868;116.07319257855488;197.49726905532768;223.1380583319486;6395534.9127503475;TW;AS
6963818;104.24.3.15;7.0586890000000002;2.1223649999999998;36.884135000000001;1.2693000000000001;72.991501999999997;2032.4899763460844;16.665420763601567;146.27700903871457;15.666313878407385;3001844.1605202854;US;NA
6964381;54.163.249.107;92.370450000000005;78.928465000000003;93.212824999999995;87.093726000000004;135.095067;21393.465765645524;2.6695517172094023;140.42577283664889;1024.4631804560654;84271.8038990512;US;NA
6963786;104.23.197.8;12.78797;2.1040800000000002;36.359425000000002;1.1947140000000001;70.431758000000002;78712.573154121477;4.9486459859918126;38.058159630944481;3.9697903120741969;17000.618379018502;US;NA
6963555;72.21.206.80;84.387089000000003;79.268292500000001;94.104870000000005;80.477148;135.61922800000002;21229.620244910457;16.760282773338506;2185.8805301480265;144.01374100928706;152514.74865666262;US;NA
6963966;66.155.40.250;155.9424315;146.9257475;164.79338749999999;190.64862599999998;167.859106;300.71238815559616;92.88816477219531;39.644269966735692;42.602733299159581;11044.510346208825;US;NA
6963501;95.213.11.146;55.638154999999998;50.251334999999997;75.326257499999997;51.7723735;182.84432500000003;188.99800543571394;8.2158859076170518;667.56315255645279;101.25908430625448;4656.2705155333388;RU;EU
6964070;37.9.239.32;49.082121999999998;19.1752;63.336705000000002;34.960146000000002;197.33456799999999;24956.765204101976;28.167214940357301;3310.8165723908073;78.319292514435816;1097.42512330506;IT;EU
6963949;124.243.192.30;327.12428999999997;386.17797000000002;436.99662999999998;274.538006;420.10760399999998;6335.2208591404478;3717.3534227298514;6807.3074845736473;303.16421079101121;4737.1006878605103;CN;AS
6964074;104.25.174.27;2.3819524999999997;1.9212400000000001;35.795484999999999;1.1438785;64.901389499999993;45185.10733850723;3.8370579264242513;49.173331076068763;1169.4467934059669;3375.9103747408294;US;NA
6963947;192.33.31.51;12.552963;1.795115;30.646495000000002;1.2373270000000001;152.825118;1168.0198957516209;0.84817011813188437;14.279676648748646;0.76852863152427398;16888.673873135256;US;NA
6963877;123.30.128.195;286.790842;320.41252499999996;360.41237000000001;288.14906100000002;351.36275849999998;546.95160486398163;343.84782262741163;2547.7591235550217;682.85173938497076;937905.60986697883;VN;AS
6964002;46.20.153.2;61.934604;55.115389999999998;71.674440000000004;55.991149;210.204714;64903.455599313696;119.02723980512378;518.1380939274045;201.97586721112563;217791.46092733048;TR;AS
6964387;155.64.49.54;148.45366100000001;137.04538500000001;154.10191;154.13252700000001;161.09878399999999;36536.464332520998;4.1673211988771826;1046.0296285999063;213.36301979202875;274.58652937942168;US;NA
6964138;104.20.64.203;2.2379519999999999;2.0811850000000001;36.210704999999997;1.193039;64.914445000000001;20286.782094194721;7.8015878556863161;45.500922273304163;4.4331272317968304;4841733.2792844847;US;NA
6963998;208.93.170.15;148.50819000000001;147.16133500000001;163.37101999999999;144.89289199999999;172.143395;62429.372384279835;52.145266236411857;1794.7134919634923;114.22954134510361;3394055.6143000829;US;NA
6963820;82.165.229.87;29.910533999999998;20.045674999999999;33.353724999999997;13.205669;145.75183699999999;6604.0853855790856;9.6232438308302655;58.321779169233139;324.7334655482174;3189.5049964645382;DE;EU
6963711;104.27.6.113;1.865472;1.969395;35.986332500000003;1.152493;64.884494000000004;1488.2971965741276;8.2041925135703657;22.617231719746719;2.7802297475222737;141700.42688254788;US;NA
6963617;104.156.81.194;10.032386000000001;1.755495;25.306570000000001;1.3762460000000001;64.764685499999999;97.890347422891338;1.3156929114841978;30.41992935527017;0.72899992441411332;6707840.8176502315;US;NA
6964409;192.0.78.24;20.584707999999999;9.7293350000000007;22.652494999999998;10.25681;190.60919000000001;4832.6140726465146;23.926398292911919;74.761554323670026;48.401986264576252;175396.65345013991;US;NA
6963673;27.133.208.13;229.45770999999999;216.10088500000001;237.73486;262.91485299999999;244.04740899999999;474.29722911203584;932.6097743428769;371.9731428669545;174.85793978716345;203310.19240902754;JP;AS
6964312;54.231.241.169;191.041574;246.48605499999999;267.46273000000002;185.10719900000001;350.48224699999997;306905.96941678226;16.314119802948511;1167.4601321306304;167.62483114319909;717842.26676891616;US;NA
6964439;104.16.4.13;20.067844000000001;10.46594;36.808435000000003;11.374098;97.185811000000001;437676.78987178107;18.913782446725744;87.153767812286446;416.71951327964416;2009655.9608342967;US;NA
6963675;96.43.149.26;85.427728999999999;78.861744999999999;95.217460000000003;93.380246999999997;159.89686399999999;78426.850163225885;928.70811974383912;163.74364726438881;154.24727715953259;260500.16895461665;US;NA
6963759;192.33.31.56;2.9760010000000001;1.6499349999999999;30.390785000000001;1.16831;139.66313199999999;89.237628709404262;0.50163196438734137;11.434077111395961;1.7156252009582416;23567.251856813673;US;NA
6964044;173.192.117.80;145.67004550000001;114.06502500000001;130.89455000000001;119.139067;155.06153499999999;218.65110390338984;142.40919526546409;125.40456742114566;192.12709394476835;2109.9794896787312;US;NA
6964383;172.217.18.233;3.038208;1.747015;19.629235000000001;1.4209700000000001;99.762451999999996;216.2289056689919;0.74905144727620476;79.56186934942437;0.44756546204825204;116988.45122992821;US;NA
6964480;92.62.130.180;80.001039999999989;56.928627500000005;84.958347500000002;35.752912000000002;106.59611749999999;104666.31959787633;6.8581157375182071;57.904159658653931;16.578889955213302;38559.113461043969;LT;EU
6964108;104.101.185.194;4.4259849999999998;2.0917249999999998;12.388985;1.65405;124.938265;75.266271271527685;2.7243328523797117;288.50163811932373;695.48062666200633;208041.64432408244;US;NA
6964144;134.213.2.238;28.619909999999997;11.4331625;27.53913;9.924315;217.5371955;451980.16555525787;12.446118566341916;191.78300915428298;1.3253189620113992;5708641.1880519595;GB;EU
6963921;104.16.108.24;10.470914;10.135455;36.076129999999999;11.343218999999999;64.819213000000005;1388.097500805651;16.491550208548002;70.286963670382477;27.741604860021251;4998163.2505888054;US;NA
6963721;54.192.199.95;10.355714000000001;9.1447599999999998;22.819794999999999;15.795458999999999;60.251148000000001;116.44954950305596;3.1644702287214055;55.098726945804579;1.0421124336954211;1236432.2496575553;US;NA
6964078;85.111.30.111;68.03252599999999;62.310092499999996;67.218029999999999;55.563250499999995;201.49482449999999;40371.181405718169;28.29799441619139;49.407002991618057;148.7267751162417;884148.14200025599;TR;AS
6964176;161.69.25.181;114.547223;122.31859;136.818175;118.7498185;137.48277999999999;7915.2861051236359;17.911279451908499;1310.2596122181496;115.41451308688275;4901805.9026083797;US;NA
6963747;104.20.60.241;3.5462410000000002;2.1215099999999998;36.171565000000001;1.215001;64.92366100000001;93402.00625824905;3.4211933635240546;33.319856420534713;5.5670078138312844;28763.665279193428;US;NA
6964014;104.16.50.136;10.339586000000001;10.199025000000001;35.912505000000003;11.286431;64.878349;1388.834805478408;18.700855727621843;81.228195815661266;26.248306772235406;13409.467575267434;US;NA
6964449;151.101.16.144;14.247939000000001;8.2864149999999999;24.555309999999999;8.4231689999999997;185.49123700000001;1663.6657166772213;23.510435164692606;37.466471390385529;534.58818703567749;3367800.8379154834;US;NA
6963487;61.135.157.156;435.99407150000002;346.66816249999999;397.92255499999999;370.708778;430.84731799999997;69101.823789519898;1422.1436572822588;2147.2972002415245;2588.6375657830199;5881040.1742247576;CN;AS
6963780;23.200.86.143;2.8853770000000001;1.4086449999999999;9.7126000000000001;1.733546;139.81442799999999;355.69091709604146;2.6909219383600544;18.139366096822016;1.708505875353981;140662.11278815131;FR;EU
6963838;117.21.226.199;380.435788;420.85041999999999;393.22388000000001;325.62799899999999;396.77960000000002;17427.837789256893;3062.7281318392993;4793.0659999049249;748.20323681242189;1838.4774239577371;CN;AS
6963974;104.20.94.121;10.430593999999999;2.1282674999999998;36.968305000000001;1.2642285;84.632464999999996;4502.45358091666;2.4405718252139517;80.963075272746991;4.0296213908788845;900210.91750144341;US;NA
6963611;123.30.175.29;269.31154200000003;295.29121750000002;342.78955999999999;283.45028450000001;353.47859849999998;2418.3032178418939;685.35575266227602;1403.0753364867053;365.20127377840595;18273.351815007612;VN;AS
6963577;133.237.48.124;233.94667100000001;232.734195;298.24484999999999;261.36997000000002;285.00178499999998;14360.352221325273;1172.1845447274061;322.22151414569879;114.92410522126781;189.339574109475;JP;AS
6964242;194.158.2.5;27.422981499999999;1.6998674999999999;19.984782500000001;22.517569999999999;86.795153499999998;129442.16672816436;1.8123809498724763;186.66177902038896;5.20111909189046;1289057.137291268;CH;EU
6963854;213.180.141.140;43.404296000000002;38.422694999999997;52.084049999999998;38.122056000000001;182.77328499999999;1027.8759380709187;31.681432302625769;907.36977260938158;84.55973136055853;2541747.864020871;PL;EU
6963743;151.101.65.69;10.126849999999999;1.7166049999999999;24.960290000000001;1.493716;64.870667999999995;59.324913027054009;2.2444977769356371;20.896963024048819;0.84311808838071423;5626128.2038371665;US;NA
6963657;104.20.77.29;2.5336325;2.1558450000000002;36.333492500000006;1.152101;64.725133499999998;21789.689948898696;6.2014569548288252;173.07359232733708;3.3700107516451077;4176550.6862290669;US;NA
6963663;120.24.248.50;471.86851000000001;424.00215249999997;366.41037249999999;317.2536235;422.09442049999996;1438.9198742803326;4912.8151121207966;4229.9558959537535;471.77320825136007;7309788.2805771315;CN;AS
6964104;104.19.142.70;10.420226;10.08877;35.93956;11.316784999999999;64.829196999999994;3634.9423104501275;90.060364290339251;17.750897197748653;27.175541625638637;3720777.1703908066;US;NA
6963800;104.70.242.123;15.211395;9.3408750000000005;51.106970000000004;9.0475320000000004;176.09897949999998;4388.9707339176948;10.763063130539903;31.768183577701723;38.37375003716231;1251551.0319670383;US;NA
6964316;138.101.8.100;246.212401;218.02696499999999;256.38658500000003;253.61755099999999;251.75582600000001;2774.2046337920701;16.826773898530096;51.655152320733208;59.97468706039934;54279.926237400541;JP;AS
6963960;74.115.50.109;147.5420455;143.89443249999999;175.07323250000002;147.36676499999999;207.16420149999999;8444.2008443463546;29.004258714918262;76.599432349056812;312.53560172188133;1922112.731822188;US;NA
6964140;149.154.167.99;35.013896000000003;16.27713;27.723837500000002;11.9168445;160.460576;4474.1320844844322;39.375830050629204;128.52753844222036;28.181851467745286;3864460.9963144572;GB;EU
6964288;104.16.29.30;10.431362;10.142325;35.899555000000007;11.3146805;64.893325000000004;9406.3847495609225;29.580216752769559;130.57774682149463;75.419716091069461;2031919.7910609066;US;NA
6963749;104.156.81.217;16.168323999999998;1.8157874999999999;25.681265;1.659184;66.644365999999991;10934.906140235613;3.2639628830626473;336.05985384284287;35.74099343988231;575676.16752163763;US;NA
6964328;42.121.252.58;363.53709700000002;395.45762000000002;328.55226749999997;335.09592850000001;379.4170355;2600.7936235199759;4425.6549101044429;2461.5360453427743;3036.9528470534333;692751.43403791543;CN;AS
6964116;178.33.165.129;5.6885770000000004;4.8489300000000002;25.491954999999997;4.8290430000000004;156.57027199999999;3705.1554552042285;1.8142380278108057;43.31087232803857;0.67156417628346565;157819.85650078967;ES;EU
6963852;184.51.148.152;13.506819;1.77654;12.316604999999999;1.8782239999999999;148.09577400000001;308731.75046456308;2.5883196586513191;16.073618660335192;0.83092760590999937;39453.068867572678;NL;EU
6964128;104.16.32.27;10.404097999999999;10.158775;35.88335;11.327394999999999;64.553484999999995;679.26231720983446;17.87746168303844;16.686606645640293;310.31651937563021;9536.1194663327333;US;NA
6964234;5.135.203.40;11.820674499999999;10.7379;25.266925000000001;10.861143500000001;167.04656199999999;22896.354066304681;52.95957173012529;16.406568395326453;45.912142662745261;5184514.2420654641;FR;EU
6963661;219.85.79.131;264.63365299999998;275.37046750000002;296.58095750000001;283.75034949999997;327.67801800000001;110476.84924542568;264.52269862194834;462.43358642257891;62.08184217276326;30681.307871902191;TW;AS
6964152;23.248.160.250;270.29688599999997;285.49145499999997;297.21882499999998;279.96842800000002;292.369979;507.94013120902684;272.25246248493812;1776.7448148846784;256.62614135026843;829560.94150042976;US;NA
6964415;209.104.56.26;90.197778;78.623739999999998;94.417429999999996;79.374998000000005;167.441698;460.959100433321;29.762072860334143;322.31140762898946;88.97899798278867;38373.836306217352;US;NA
6964304;222.158.213.148;259.93541199999999;244.43135000000001;310.85260500000004;272.88308300000006;292.90527500000002;29493.767087275744;41.396388388582956;2639.4751476178262;234.68385957252394;929456.37092325115;JP;AS
6964457;104.156.81.70;9.8914580000000001;1.7761450000000001;25.011537499999999;1.4473739999999999;64.792332999999999;21.375956576767262;10.315733475195877;36.296050074433388;715.05148023063293;6513924.2060321737;US;NA
6963834;123.103.57.11;401.975121;307.44534499999997;253.53378500000002;371.10033499999997;371.09997850000002;4377.289866310929;5421.5679227909814;2486.1428858213799;2526.3661774754037;212346.53791270455;CN;AS
6964306;95.142.199.215;57.080843000000002;50.925915000000003;83.714650000000006;50.385930000000002;192.436263;18047.787172387114;745.86653544561943;340.48687267965681;183.05550794420097;8698.9788729079719;RU;EU
6963931;59.151.116.98;278.67576800000001;318.123625;290.04027000000002;323.90166299999999;345.54554200000001;1665.664293590323;103.50861154279758;415.90285024996945;393.22040846028756;27504.601973121604;CN;AS
6964082;213.92.16.101;40.2063445;34.667630000000003;38.867197500000003;41.931162;220.99281250000001;77334.40040108384;17.7692069240642;1078.1312295927794;82.880257506780225;307402.40514000773;IT;EU
6963798;193.252.148.140;25.277189499999999;14.59449;16.380970000000001;14.274421;147.64457350000001;5611.5811311396074;3.0445842052288734;27.786187743464051;185.37876306253818;2060910.2765235407;FR;EU
6964178;91.216.63.240;25.564420999999999;17.150169999999999;49.930230000000002;31.262086;178.64989199999999;6623.039172072874;13.516185656276098;1286.9098544090787;211.98437337669813;953013.26790214586;ES;EU
6963697;93.184.220.127;2.87616;1.3450800000000001;22.716764999999999;1.5462739999999999;60.030732;34074.986698396468;1.701545352258625;33.63317986101216;9.3252395362278229;142319.53573573753;US;NA
6963681;42.236.9.70;417.34779600000002;387.41913250000005;406.39377500000001;364.64942150000002;413.47477100000003;23845.450188790168;3625.3125051400084;608.42673388509718;3336.1119552115097;399294.73213822948;CN;AS
6964476;199.182.216.166;133.97378699999999;149.25987499999999;167.37665000000001;129.584115;164.603937;1656.5155256673988;11.073924471043949;275.14841787349536;107.06107034342597;876765.16751433339;CA;NA
6963533;78.140.191.70;53.790731000000001;16.902989999999999;29.625145;12.765943;81.882641000000007;64340.331500463406;3.2823987005972279;241.39312833956836;79.292756535031955;1094759.8328788297;NL;EU
6963953;54.230.196.80;10.406786499999999;9.1719950000000008;22.651679999999999;15.938287000000001;60.059916000000001;35943.763621156482;4.3222749587253562;73.529175836080398;0.47338476127924162;4018059.6364358589;US;NA
6963725;104.103.89.231;24.648197500000002;26.8107875;44.562332499999997;24.910094999999998;183.31318899999999;34634.586585052966;30.044672215385038;45.387763321044012;108.81480274692223;1072428.9956897798;US;NA
6963621;212.58.244.22;15.671811000000002;8.0610199999999992;40.017565000000005;8.6581770000000002;159.09238349999998;7506.0162624459335;0.53712836195310287;134.35839502889417;8.0601503626838031;201665.96785143658;GB;EU
6964182;2.19.231.10;2.8654090000000001;1.7009300000000001;9.8814600000000006;1.8809450000000001;137.964316;8112.5913777498945;0.98638789398971938;60.322159453475578;69.432464721193966;303989.61218330526;US;NA
6963579;208.82.237.129;80.553232500000007;79.030367500000011;96.390582499999994;85.466669499999995;127.369754;52.444462107767606;1.0089231213747094;92.033909677909932;3096.1801517034369;5676763.7549967943;US;NA
6963481;91.198.174.192;18.412035500000002;12.619547499999999;29.824860000000001;11.8361105;163.12131299999999;20561.056222804575;4.1693470811280564;527.91577983192053;1.8926365927741837;12082.199604319239;NL;EU
6963513;198.41.209.138;12.776067000000001;105.72174;36.552295000000001;11.3266375;90.801809999999989;39734.683807160713;2659.7600550466418;2237.6311884803899;25.750308160059298;1414.6414796316089;US;NA
6963679;186.192.90.5;234.45124799999999;192.98877999999999;239.36754999999999;223.72627800000001;349.05683800000003;1601.306914615853;876.28820709601359;897.47712008031374;108.55440658300176;2261965.623318126;BR;SA
6963962;104.156.81.84;11.239298;1.8231525;25.231147499999999;1.6199840000000001;65.066125499999998;36615.865369309096;2.5070939365087042;35.404636524199432;0.80872865710227915;4452552.4000128731;US;NA
6963996;104.31.83.13;5.8959380000000001;2.0052949999999998;36.138925;1.2633810000000001;67.650829999999999;619.99405882324663;2.9013089775089704;84.654029583780613;21.148283154943201;95778.452553418509;US;NA
6963573;184.173.147.39;112.330775;80.80471;101.149125;90.286174000000003;154.13839899999999;337.89825816216131;36.913992670032734;80.198026277700038;293.20539745496973;24615.005287224183;US;NA
6963541;151.101.60.193;9.5976979999999994;8.8834100000000014;40.197000000000003;9.239101999999999;139.30101999999999;73138.874526680476;38.535824200774435;48.807460040434975;6.4850432269903084;15050.419326948633;US;NA
6963729;108.174.10.19;78.980751999999995;78.66396499999999;94.61489499999999;78.771142999999995;127.827482;137.11281937820732;5.9445589775882999;75.118323152925569;328.53310396723799;11479372.322282642;US;NA
6964032;104.16.11.250;10.417154;10.141489999999999;35.834505;11.309075;64.791565000000006;2540.1884293313765;18.885670169605344;893.96226306911922;28.860860665214457;7663668.312149412;US;NA
6963631;106.120.160.134;314.77331199999998;409.90393999999998;352.13666000000001;282.602329;331.82368300000002;15279.661549804316;359.83858024588523;4219.3020276243697;314.37446251099431;4931066.2781154588;CN;AS
6963683;72.21.206.80;93.322386999999992;79.525622499999997;94.431764999999999;80.488202000000001;150.22966199999999;24982.279803669884;19.836509743667907;893.89809058103458;179.76594527088986;1166874.3387481407;US;NA
6963972;209.102.213.14;118.7251435;112.202005;124.045345;124.44951950000001;141.16188399999999;602.12546376149612;82.097180662005528;506.02030040533577;160.92877517607727;95510.795822413493;US;NA
6963491;204.79.197.200;3.737857;1.5523400000000001;17.796424999999999;10.476297000000001;158.280224;4415.935375968249;0.96054660071753883;26.130845676604167;52.424782790310132;281593.44755749148;US;NA
6964266;66.235.121.141;79.833616000000006;78.626999999999995;94.601325000000003;85.881213000000002;126.200857;28783.719108284022;7.0324108532070815;110.81159092509685;305.96026960889282;155418.93569516123;US;NA
6964391;23.200.87.127;2.7544325000000001;1.5000100000000001;9.5425450000000005;1.6610745;140.075164;252.6836980171619;3.9779810917854506;35.911052505375643;0.27929835494593591;3895618.454179496;FR;EU
6963499;54.236.213.89;107.95970199999999;78.794007499999992;93.400499999999994;87.370112000000006;135.03170800000001;25399.240954551158;15.781024096802993;127.52364052901596;95.143459578430679;387224.6858033734;US;NA
6964377;61.135.218.26;368.24032999999997;347.28775000000002;391.1514775;376.64195649999999;461.15452449999998;25950.099227193514;1700.2420690258748;1731.1876945720496;3044.1593979601021;591075.47253537702;CN;AS
6963479;98.139.183.24;99.707539499999996;91.375630000000001;110.2829175;97.654613000000012;207.4414495;6732.5475890446214;1458.2729462251405;2024.0830034919686;2415.5918732665082;126354.65143885188;US;NA
6963723;5.226.176.16;20.573571999999999;18.693719999999999;55.891685000000003;28.166518;155.21628749999999;6825.4400425542726;301.81153914970884;584.76905743902228;2003.4327085877842;12413391.899911122;GB;EU
6963695;104.16.56.23;14.366595999999999;10.101352500000001;36.863412499999995;11.348706499999999;101.39867599999999;68074.640242650246;20.993985030172542;249.54472754460951;29.719612362557307;60681.792917271639;US;NA
6964058;203.12.21.5;202.07312899999999;338.92939999999999;218.39996500000001;196.38456600000001;283.71768900000001;2060.4238262383165;470.21334627167028;665.73695427944949;179.89458174465184;2185851.6748035685;ID;AS
6964132;62.138.116.25;23.608708999999998;16.253407500000002;41.863084999999998;21.0791115;201.75440800000001;32610.03325674283;11.962274632174475;252.3721101445831;567.88661728143472;1992084.3692216673;DE;EU
6964030;79.175.144.35;101.87906;94.508205000000004;135.60913500000001;102.932706;255.694132;927.17861067376396;259.1495780100729;437.74240779897804;616.75452410585001;1295880.5513177163;IR;AS
6963707;200.147.67.142;231.56279799999999;220.85161500000001;241.616285;227.71159700000001;303.93990100000002;86072.528199786218;140.77444934096363;484.83268070887135;719.4549172601038;3761550.6904947539;BR;SA
6964274;104.25.160.23;5.7373449999999995;2.2730725000000001;36.714410000000001;1.2396720000000001;71.605646000000007;1193.1475195825237;6.7960094745289483;110.39117252868212;4.9841015377396349;1690646.4228179711;US;NA
6964433;104.24.10.2;11.2454415;2.2280875;36.680632500000002;1.1947565;82.200209000000001;46195.226074632439;14.819577497624714;963.59452044292084;3.5530790441303615;1047644.1464843536;US;NA
6964455;217.74.65.23;41.237384500000005;37.226637499999995;59.217682499999995;39.927420499999997;189.31319000000002;827.71674381610023;15.450737792635881;1508.5236583414337;93.330741745527689;21141.050089916196;PL;EU
6963493;172.217.19.131;11.139842;2.3490950000000002;20.519825000000001;1.5227900000000001;138.625564;10545.395829411515;2.5859649474184998;18.977032047923014;3.5678483684607452;3804872.1724251066;US;NA
6963937;104.20.30.112;10.439042000000001;2.0900625000000002;36.8561525;1.2022184999999999;70.245518000000004;28494.311119207166;2.3896539578249532;683.85406777087269;3.6962859424963659;3003.6894330542095;US;NA
6963755;210.129.120.43;235.07179099999999;233.20345499999999;268.36021499999998;236.63786500000001;262.35576500000002;102.34371301406775;293.04417479699265;32.60666880915926;306.65353769802567;7236649.1852778159;JP;AS
6963505;77.88.55.50;54.467339000000003;44.015855000000002;74.639335000000003;41.967314999999999;186.91664599999999;300.08360784771452;10.996891127807656;319.34348960895176;1342.909589856152;99629.707246899095;RU;EU
6964272;113.240.254.10;435.08437549999996;370.70976000000002;365.98872749999998;339.95284749999996;382.89377300000001;6160.3084153373075;4296.1192629112802;4287.7423966096194;293.36354854900134;26646.049425503334;CN;AS
6963864;104.85.66.52;13.2867865;10.822545000000002;10.2549525;1.6501839999999999;322.89568050000003;2175.7280542981266;55.565760898377256;16.485461451336668;25.43471296227337;3948938.9488541265;US;NA
6963563;217.20.155.58;64.320780999999997;61.917195;79.125500000000002;55.572443;239.77963199999999;50717.01021578793;32.366848289435538;595.32945902233496;1259.0089449662603;3488898.5028007114;RU;EU
6964375;170.146.93.56;104.459541;92.461735000000004;106.636965;99.232405999999997;151.03260700000001;82419.955501397038;30.551040993192654;390.6820551512061;144.65671115860917;1140.7246966590369;US;NA
6963848;103.25.22.168;368.98490600000002;288.94341500000002;252.12912499999999;362.90919500000001;337.57369999999997;17175.499931828985;964.15298610687512;1224.7650255141073;2123.0766198230122;188977.88476149045;CN;AS
6964088;104.16.165.50;11.001602;10.46827;36.359110000000001;11.362043;98.032915000000003;4755.3000330306013;31.007041486066562;44.734246888127835;38.454996457990589;28464.83200782596;US;NA
6963860;185.31.26.232;37.868167999999997;29.208625000000001;110.566805;41.150615500000001;186.03805399999999;25448.462039580147;15.382122272274753;109.90857886262486;185.41817082062448;9757.068607729434;PL;EU
6963581;23.103.183.15;180.19856399999998;238.32536500000001;176.9283125;179.93084250000001;280.95903250000003;46992.576484496647;159.38396919404488;777.4241807200126;315.81990735101283;29155.769601371881;US;NA
6963836;104.16.52.162;10.478593999999999;10.49194;35.99682;11.282341000000001;64.711692999999997;266.63186826963585;19.769608412127088;15.296841814197313;26.548469269126105;5067964.5093952594;US;NA
6963881;62.153.159.92;15.597315;14.578620000000001;26.354220000000002;15.570482999999999;140.454172;213.989879594397;0.32514796517208883;20.193998132064056;733.12086107818016;59850.039439505163;DE;EU
6964020;151.101.129.34;19.841284000000002;1.9978275000000001;25.814129999999999;1.5494115000000002;101.0607565;86045.403768709657;3.6133427032454044;158.61317735188473;627.72510390299021;53111.481524252762;US;NA
6963693;124.95.181.184;399.54747200000003;305.84858500000001;401.76229000000001;411.56185900000003;472.69411100000002;26636.556375762833;1222.7207459659503;3679.9538017780037;2693.3316941120797;169100.3720122666;CN;AS
6963868;91.198.174.192;12.518018999999999;12.51079;29.025982499999998;11.758164000000001;154.42870350000001;6767.3230912553463;23.101585306121116;106.81821715981901;1.0182795735317094;285483.51949894015;NL;EU
6964194;104.16.10.104;12.402435000000001;10.52026;36.413924999999999;11.378902999999999;79.901967999999997;2573.8023219792199;19.853710915229968;57.346588870160879;1494.7525204520562;1026515.1916749022;US;NA
6963539;216.58.208.233;2.5766399999999998;1.8596299999999999;20.053909999999998;1.8453059999999999;100.260885;7305.0462870836782;3.8870213510278302;82.876829698773221;2.4402975217319871;27249.231538510357;US;NA
6963927;104.101.166.212;2.7747850000000001;1.8692725000000001;12.325105000000001;1.5449165;93.158802500000007;167340.7157541741;2.4414811164281707;398.05549829950041;0.53308416453392504;3990.1218568897566;US;NA
6963567;31.192.120.36;16.3641635;15.051137499999999;25.495942499999998;11.365135500000001;106.25973350000001;2060.9366052921273;0.19832069485013032;1800.3986736461484;4.0503600409520724;5657601.1771572893;NL;EU
6964419;213.180.193.50;53.956235000000007;60.4349025;74.420922499999989;51.322729499999994;187.09866199999999;28048.10718798577;0.95484604044999244;37.220881223674404;42.858535279871703;4422.6113586781848;RU;EU
6964150;59.106.194.19;239.54923200000002;244.72181499999999;297.8193;254.163431;301.57138900000001;92005.589586101254;68.622247381464859;1436.99106774252;412.24708372266372;5303470.9670785656;JP;AS
6963992;163.172.21.184;6.8528659999999997;2.033045;15.361615;1.5160709999999999;64.201740999999998;2073.7090283093644;2.4395450276204511;102.11216265376498;517.83791906491069;3849997.4619230563;GB;EU
6963565;192.30.253.112;89.127954000000003;78.887680000000003;95.435490000000001;79.847673;163.35286500000001;636.42388832558368;51.033145877122337;1357.7875726272041;205.5394397781036;5584202.5377298547;US;NA
6964425;104.20.86.35;2.0805129999999998;1.9773350000000001;36.092595000000003;1.1701649999999999;64.955916999999999;57834.696852437388;2.6253469462740382;39.19334006604813;3479.8949848979009;5344.2096428080531;US;NA
6963719;104.156.81.67;19.937283999999998;2.0433650000000001;25.96632;1.552694;84.270353;10043.463035066465;4.238170218900013;173.83793828709099;130.8591377177296;62135.288335363024;US;NA
6964066;66.235.120.94;86.100497499999989;78.807922499999989;95.467765;78.7298495;150.56105400000001;9113.2498997020884;37.180141508945042;1256.2908741207671;168.52215791392427;2289420.5294637014;US;NA
6964168;206.131.180.21;152.815518;143.11691250000001;174.0458375;172.56938100000002;172.33462650000001;353.08743303512017;41.358332570285135;1221.1617399296942;92.411521774121837;172046.3205753823;US;NA
6964122;104.31.76.24;10.92173;2.1553149999999999;36.992555000000003;1.2051339999999999;90.960402000000002;31519.013833509092;12.374241819679389;321.01580956504387;5.1068312967382496;1043850.2251597262;US;NA
6964110;125.6.149.67;239.575344;248.20371499999999;246.23556500000001;276.238271;277.271863;447851.35715286364;76.839044387255655;94.428677272671436;158.44131770076885;1017492.3631118018;JP;AS
6964146;207.244.80.166;116.85276;81.729380000000006;107.161535;87.245723999999996;117.497879;3087.3866047683728;10.396046303598903;31.069526476096442;144.34238786922154;18340.026799738556;US;NA
6964062;172.217.19.132;13.252610000000001;2.142325;20.726595;1.649159;109.98683800000001;85136.375886831549;3.5937806287893355;63.321495593081941;33.555663489127795;8503243.5483250432;US;NA
6963822;193.164.196.82;2.5152000000000001;7.4040499999999998;15.879155000000001;1.1625799999999999;139.995676;1603.2751407410835;7.3465086172231713;39.111706589225037;113.89234435969185;3599388.871285642;FR;EU
6963497;108.174.10.10;87.007506000000006;78.898929999999993;95.637640000000005;78.854999000000007;140.302108;12914.083917415113;133.47062874525622;493.57330955966705;124.23851349290111;1561522.9177825372;US;NA
6964076;204.154.94.73;150.562974;148.32452749999999;185.351865;161.59243750000002;165.6342095;111.85294859475195;15.507771751139414;228.00304950661572;466.19329192158693;10464536.961533178;US;NA
6964389;173.241.154.10;140.79862;147.9976475;168.38495999999998;146.00051500000001;175.422755;37758.950461599437;44.018922027988538;894.43079957516966;1341.7979853974805;4097442.7554621012;US;NA
6964220;206.54.181.6;46.933641999999999;16.8231;29.4404225;12.8412685;73.382415000000009;7569.9683453691105;4.7091138316433669;86.192566087472841;101.19117086003266;5058610.5486489665;US;NA
6963994;137.254.120.50;150.74076600000001;116.41191499999999;131.71911;151.15140500000001;166.26589000000001;64547.653553658354;58.270906909797851;3093.4348145619165;155.05803719024544;4135307.3739086716;US;NA
6964130;74.112.185.90;149.412126;161.88080500000001;157.57829000000001;143.837738;209.309226;2696.222497114798;17.261113626445823;47.649640283437073;51.452859874227904;22420.1399209458;US;NA
6963593;103.23.108.107;284.55557700000003;281.40934499999997;312.60990500000003;303.35999399999997;355.22311200000001;694.03120571497732;400.12476431152874;1581.9177078641806;247.95240295640249;56731.800502090409;TW;AS
6963517;94.100.180.200;52.796937999999997;61.159689999999998;67.510275000000007;52.729460000000003;177.0512995;22888.572091308321;27.148179116547727;825.60377329450296;1548.9490711821888;3547093.5445123725;RU;EU
6963794;69.252.80.75;93.791251000000003;101.48805;117.591475;86.617126999999996;151.94268700000001;220299.696588069;78.318330785260997;2490.6904492107183;128.75297360532309;37400.362538701171;US;NA
6964292;124.153.64.100;120.410904;110.69848999999999;141.90607750000001;112.4247895;267.52863000000002;22232.272171413082;43.416759100785008;71.408448036784236;90.845262464281788;1270880.9300511652;IN;AS
6963840;104.18.41.167;16.143363999999998;10.50619;35.802810000000001;7.7015250000000002;64.733964999999998;653.73156039981177;22.563610799945927;26.219031229855013;1026.3661270622113;15475.641825584433;US;NA
6964482;23.45.151.67;2.766337;1.6462600000000001;12.188750000000001;2.3226450000000001;139.69461999999999;106.58994703389325;6.7308157414421599;88.959324177537155;13.681567569412769;4843226.2785716383;US;NA
6963913;119.28.48.239;255.13387549999999;251.5350225;313.91949;290.03382549999998;327.66649749999999;115580.20493955036;450.40490501491814;1263.4950036803889;852.11840634032478;693179.2841795393;CN;AS
6963751;64.210.135.134;20.865796;14.018744999999999;25.30058;12.836211;131.25045800000001;21093.269128372965;11.09873366045972;253.50491900910058;74.214061394609644;1243658.8408397753;US;NA
6964136;69.89.69.99;146.08899;148.711715;181.67740000000001;145.33407500000001;215.53463500000001;6153.3903621469235;990.02935755933254;455.38236822192101;632.58592359196825;6478847.9607793521;US;NA
6964188;52.197.170.122;234.62097499999999;252.0720025;284.09217999999998;251.09255150000001;308.70687699999996;1409.5528326996632;201.47937029438188;2076.3990440836533;116.31029556595253;42530.718503809097;US;NA
6964040;23.206.36.133;12.006147;1.8523075;14.794084999999999;1.335458;160.62377649999999;13738.848678226232;18.634058638876201;50.712830905822059;44.878316753551196;2169154.393986729;NL;EU
6963856;74.125.71.160;12.637442999999999;6.5535199999999998;22.037655000000001;6.243652;136.36994799999999;7049.7686942027203;10.556134066734463;223.88312379530311;4.662669198945772;7219682.763668471;US;NA
6964192;104.93.248.186;14.4760355;2.2050049999999999;10.202657500000001;1.6679789999999999;179.2247395;37464.208623370701;4.6617059600279092;192.19971199536386;10.806252669953297;1513290.4534044447;US;NA
6964478;118.184.184.70;327.91686549999997;408.41013499999997;365.94157000000001;323.51320199999998;345.92186149999998;4367.0725233913508;3074.0108939503066;4902.5044498654879;908.41557879719733;89195.611949135826;CN;AS
6963806;104.16.85.202;10.432898;10.515677499999999;36.056340000000006;11.310328;64.626445499999988;1511.0320386683404;20.423496479148156;20.649014004639948;53.437915595198412;9376791.0472976435;US;NA
6964072;54.251.103.25;185.9232375;243.48339999999999;261.32383000000004;184.601879;357.46912800000001;15194.983129720602;23.349324346955576;2511.5612933579719;166.15090613678225;8814.8779487525317;SG;AS
6963549;23.206.4.202;9.145346;1.568395;15.27102;1.4049;141.381148;12722.143005142472;7.4314902279814108;34.297635200783787;78.69326394951068;14815.324716059735;US;NA
6963824;210.51.19.63;337.97344399999997;314.34383000000003;345.91998749999999;338.87647100000004;323.28083300000003;3012.0226391242236;51.877103164919227;3831.8897084149585;960.58343041042588;26093.760206237352;CN;AS
6964431;104.27.168.11;11.779586500000001;10.127195;36.962007499999999;6.1113330000000001;78.831760000000003;302.87980705052649;28.415746926787509;148.5727174236917;73.720095789747162;1721258.7193682401;US;NA
6963737;54.223.189.245;406.64379350000002;394.72166500000003;378.96692250000001;275.71847100000002;395.15451150000001;1483.9227700591273;3326.2714451006377;6969.4166057508519;285.9562229196116;25784.454368221668;CN;AS
6963557;198.11.132.250;145.68502100000001;143.61353;193.11211499999999;145.93824699999999;220.74858800000001;354.80492461162476;31.172198921591459;3249.9683526228528;199.06251995385466;8502318.9286715295;US;NA
6964006;52.207.3.146;119.6644075;79.390739999999994;96.551134999999988;87.729637499999995;169.69616150000002;19478.144213894575;510.54549327899394;1465.0187046350084;146.30095275922477;5870.6741113146863;US;NA
6963770;69.147.76.173;99.647252000000009;90.587947499999999;106.27990500000001;94.683773500000001;217.34212350000001;90806.200950902348;201.60959608284222;1445.0901303157909;328.00677652154513;20996.433016711271;US;NA
6963964;202.61.113.35;197.919783;254.87270000000001;193.53485499999999;182.37381099999999;277.54987999999997;1167.0113478294741;78.544580324303013;407.7739231390471;146.33894749626202;3870280.843414769;ID;AS
6963897;124.251.98.4;312.22470199999998;364.32331249999999;326.78196249999996;322.7688435;411.17653000000001;25198.367362130419;2404.7220786048733;2702.219087110122;359.17748430193927;16069.750244722965;CN;AS
6963804;31.192.116.24;16.727810999999999;14.361305;23.907605;11.791093999999999;107.381782;59289.863481875997;0.99105247448707767;16.715703799832795;20.403136599565268;7949.6097347029772;NL;EU
6964120;178.33.44.27;8.2682900000000004;7.0928849999999999;15.925795000000001;7.1319039999999996;157.72880000000001;291987.23636710533;1.3173048736282356;21.371582803258494;10.192648360016403;126498.11241554153;FR;EU
6964355;185.6.169.69;34.450183000000003;21.877317499999997;21.827349999999999;13.6199265;169.33136150000001;3363.521874893353;25.565620162424622;155.52617466198714;55.988957409308114;2739607.1975256647;CH;EU
6963643;123.126.99.31;370.66913;341.22932500000002;388.77674999999999;379.137474;428.87970300000001;3500.3079402197491;1169.5995412080201;1763.4034229734264;3157.7717122906279;9408984.4129232895;CN;AS
6963753;104.16.254.64;19.796356000000003;10.06371;36.468287500000002;11.387667;81.962512000000004;293967.14538887137;17.669517234392828;400.73293437193547;67.189852998597544;1098829.1913809404;US;NA
6963603;108.160.172.206;162.094112;158.53394500000002;165.03544249999999;166.5371255;161.75504000000001;22154.428246401076;36.195872073065296;163.11592353278806;203.73658407527236;1034670.3116984358;US;NA
6964024;148.251.77.209;31.353990500000002;24.547597499999998;35.618960000000001;14.910435499999998;161.12796850000001;52810.111657973976;15.564552907416878;70.01888998056863;1042.7404813754688;669.20150611453766;DE;EU
6964488;23.3.152.175;2.9422090000000001;1.6999299999999999;12.079255;2.1083440000000002;126.543386;148.97581554785685;0.98227401048498719;39.414485565182545;2.315987166111781;3739460.3069921937;NL;EU
6963651;68.71.212.186;152.58473499999999;140.38397499999999;159.967465;152.54041000000001;178.88566800000001;37093.452134212959;23.368637160628094;66.265898596667583;46.063617748497599;2156903.3473612079;US;NA
6964174;104.20.24.90;2.7175690000000001;2.0978675;36.185997499999999;1.2179704999999998;64.925580999999994;161570.2565948313;6.0331319123410161;191.24718834403208;4.0337257771572546;7265554.9684166312;US;NA
6964429;67.228.27.108;147.28937400000001;112.766125;130.01565500000001;118.290418;194.24951100000001;19782.975157611058;38.740659311719966;1499.6955994067714;88.571749332408331;7562359.8479773048;US;NA
6964222;104.24.7.4;3.0320649999999998;2.17266;36.107489999999999;1.1684650000000001;65.796876999999995;153.84008659156297;4.0258944634598572;96.296490523255713;2.6870981996374681;135133.39821123212;US;NA
6963970;148.251.23.152;25.530245000000001;24.826907499999997;35.668467499999998;15.055619;203.13834500000002;184.23557145394599;25.394343865057383;488.75419528657073;951.56678313643579;33778.697964039726;DE;EU
6964340;210.224.168.100;234.28343899999999;254.44551999999999;291.96930250000003;276.47929850000003;284.12242500000002;1838.3714569286733;13.589085014493575;114.98341868081368;1103.9505149896756;11073.596987579589;JP;AS
6963523;104.244.42.5;10.209794;8.9282249999999994;22.350045000000001;16.033837999999999;150.95811;128.49447581765043;1009.3374439899188;57.796568878885736;60.714932276318748;3903017.1603486687;US;NA
6964250;74.205.63.94;127.567898;112.380555;128.26716999999999;116.66261299999999;167.09225799999999;13552.944997553212;580.71015159925241;69.825380776844568;71.506132745581567;5523.4818413985467;US;NA
6964407;192.187.93.86;145.764893;144.69259499999998;162.46844249999998;139.09318350000001;169.301794;20995.413355851237;56.370031190612963;1120.4099834056801;22.909806791811441;16472.359246106742;US;NA
6964180;209.200.152.198;23.467781000000002;10.5634575;37.124645000000001;10.2837265;83.763857000000002;47403.944738662271;2.3365110326571275;298.87199611886507;2.0415627075373441;1027375.6456247503;US;NA
6963990;184.51.148.169;10.648322;1.8000849999999999;12.168050000000001;2.0128240000000002;136.95017150000001;21209.319409416908;2.9411874254280073;49.064881080022751;36.305651064530785;23338.567324946318;NL;EU
6964134;104.96.26.164;2.9806089999999998;1.88297;12.240105;1.5832029999999999;94.109202999999994;12653.59434936051;2.2556287691723909;85.882838235354754;1.0349242362320656;1890311.5417714594;US;NA
6964453;117.79.92.119;356.8992715;297.26509999999996;364.19074749999999;296.93750850000004;425.48014999999998;2028.5721826222341;1440.5190617908386;4289.4989620864026;345.85488419292852;6467.6977856138938;CN;AS
6964060;61.129.65.103;336.51616300000001;316.776185;376.40616;267.14106700000002;396.69051200000001;2542.2419875101614;3136.4932203258145;7223.4101726573372;2588.3462042942874;8318.6194390348992;CN;AS
6964206;69.196.244.99;80.339344000000011;79.468612500000006;92.805785;80.971914499999997;149.22511750000001;110.85269715319865;8.9620793646891208;113.28893360071176;271.39367450200552;1988237.9008481149;US;NA
6963984;144.160.155.43;147.37078199999999;151.355355;161.07841500000001;158.95674;167.831074;68079.833223951282;0.40527070341622801;48.973142558025607;46.681478172542164;21141808.214917693;US;NA
6963591;124.225.65.154;407.89409799999999;410.38159000000002;234.50537499999999;328.74898400000001;326.48684900000001;18184.50593924812;3030.4420439998462;2836.6353273445761;1153.9252017453268;124677.37223008744;CN;AS
6963951;198.134.112.232;85.982225999999997;79.999664999999993;105.31310499999999;79.939026999999996;188.89654999999999;541200.60299566295;799.32973164690577;269.66226890784122;54.657172795229499;96976.164761106498;US;NA
6964186;104.25.28.101;4.0546569999999997;2.2051324999999999;36.771682499999997;1.2435494999999999;80.811280000000011;179.75131426961258;28.732990743256501;2022.2298586520894;45.704873117101727;83364.432975363772;US;NA
6963531;125.88.190.56;308.00262199999997;314.27242000000001;296.54836999999998;307.503646;319.08332799999999;9752.0183415408519;2830.5841307443056;4345.913588508155;155.38558260513736;111305.40880675979;CN;AS
6964052;104.16.122.127;15.359235;9.9843525;36.316632499999997;11.3439915;107.2577495;142333.255795851;23.690190286661572;29.801794668267402;28.199837553812571;36314.228744489468;US;NA
6963870;104.16.123.108;10.470914;10.100239999999999;36.769350000000003;11.325352500000001;71.79457450000001;71.916427599877878;21.00650899493818;339.76716701918076;83.78810701423528;3857616.0332898204;US;NA
6964086;69.191.252.148;90.754962000000006;81.615687500000007;95.903377500000005;83.314498999999998;134.57244299999999;52946.682122945931;25.367248227643287;3341.3938244666879;137.69613163197994;516400.43040726334;US;NA
6964441;54.165.95.219;95.275410999999991;78.943164999999993;94.891580000000005;87.396203499999999;143.949341;143002.78590429606;26.67905858476805;352.62141639383407;848.89669396824092;58809.734134098842;US;NA
6964322;210.189.86.12;245.22475299999999;233.00205500000001;261.08719500000001;245.805071;271.62168600000001;1113.282094999789;17.41236397198033;1407.2678704444072;132.36183283559356;2650144.2056618398;JP;AS
6963907;23.200.87.140;2.809345;1.608025;9.7420950000000008;1.6718189999999999;140.48258799999999;2977.7505711432291;3.9241832563703132;20.06775488434506;1.3608967746198193;5923743.1347576566;FR;EU
6964022;81.19.82.10;58.661388000000002;54.140239999999999;73.762765000000002;53.795059000000002;177.66301200000001;28747.091407862066;6.7008631994473431;123.45383125095272;76.102921219323974;1432528.0978058304;RU;EU
6963649;125.6.149.67;228.092974;248.11740499999999;246.05643499999999;276.07649400000003;262.268981;148.861955489921;28.240557870653973;1469.6110498538114;235.4697844506837;10247982.722966822;JP;AS
6963527;140.205.94.193;396.52270349999998;377.44449250000002;338.98414250000002;303.85614050000004;444.62908099999999;2565.4451999219;5750.4609246254513;2578.6604621207457;877.07138245423789;15696.945964169532;CN;AS
6964310;104.20.24.138;6.9120010000000001;2.2342749999999998;36.748710000000003;1.3063750000000001;100.723221;774.12397355769701;14.55424944661455;65.226329805140651;19.203242120023823;2306762.7902123923;US;NA
6964012;119.147.114.19;412.49979500000001;410.00106499999998;397.59792499999998;299.86186300000003;442.44258400000001;18580.085485264743;4542.5962819446004;6534.9988194002644;489.34522613982944;5741.036329581565;CN;AS
6963691;123.126.98.150;390.69358199999999;348.64527999999996;389.97122250000001;381.27237150000002;423.81858099999999;2494.6600741610191;1193.9122171096299;2994.3883036651887;3006.5981280647052;218189.28082775651;CN;AS
6964486;62.116.130.8;42.650120999999999;15.724925000000001;37.287280000000003;16.217230000000001;147.89148599999999;982.60525535267504;7.9678247510619435;131.6042128003987;47.746522063736734;127759.01963479245;DE;EU
6964156;104.20.55.43;2.1288969999999998;1.8897550000000001;35.954844999999999;1.1630259999999999;64.818444999999997;96.503669392640674;2.1098742729201754;37.782650356686126;2358.0146106041016;487327.31945608562;US;NA
6964148;78.140.188.189;46.925578000000002;17.156665;29.482589999999998;13.038145999999999;96.960786999999996;321.10988702540402;3.7311662829975707;36.623152318721552;171.31824545698302;10074605.486518599;NL;EU
6964334;81.19.72.32;59.985419999999998;57.858364999999999;74.149780000000007;54.631903000000001;179.59069199999999;2683.9356024352423;10.708544602341;91.646625863217324;96.590313972230831;928762.59483820782;RU;EU
6964352;162.208.32.99;85.091345000000004;88.130685;103.832515;71.436942000000002;149.03043;25704.92675777827;28.858390758490795;45.19170867046229;198.0081136792686;3842204.2015835894;US;NA
6963980;207.241.224.2;147.897246;152.13341250000002;178.42219249999999;158.801084;227.951278;21122.970394567972;55.710020571971221;415.81152782350699;617.8512728149019;9028901.0389130395;US;NA
6963812;104.20.24.135;10.768514;2.1566624999999999;36.4095625;1.2583365;79.900047999999998;58101.939112647575;14.306092856921754;90.227722463036329;4.2667254096120875;5297695.0072076032;US;NA
6964228;209.225.49.78;88.781585000000007;82.580060000000003;91.082194999999999;82.265862999999996;130.96783400000001;369.72909519162522;5.6916354665197018;1092.8638639505173;130.99846481325605;63749.41849034599;AR;SA
6964210;67.196.156.65;81.410319999999999;91.217590000000001;102.7681225;88.525864999999996;145.148189;20624.073648346075;29.366617779669681;1011.0722679381171;186.00647312990139;1553351.6181127259;US;NA
6964106;104.31.72.239;6.1424649999999996;2.2091500000000002;36.613804999999999;1.184504;69.754382000000007;1523.6800147422384;4.9308532584940048;204.47947748790813;3.7820770490669231;52749.687871289774;US;NA
6963727;54.231.120.185;107.83720599999999;79.091120000000004;96.356285;79.935227999999995;135.184923;12576.378278046286;26.581937095403418;137.33023844713256;342.80073092080755;11148597.278770886;US;NA
6963889;182.253.224.184;193.311015;265.77706499999999;220.80762999999999;202.80444600000001;273.414198;12643.238389587854;71.364036488290949;63.939765909877707;107.1295609431896;1045430.645544242;ID;AS
6963685;50.97.35.152;119.51656800000001;82.460662500000012;103.07461000000001;91.867794000000004;187.18429350000002;1899.7936009431703;26.522228922672532;205.01140065894865;139.16790461822751;36078.600490634686;US;NA
6964226;104.20.11.85;13.594754500000001;2.1652149999999999;36.778017500000004;1.3037909999999999;91.840146500000003;72298.530940358673;4.3207895785623567;91.712332735137593;1404.6109213523998;8369.0209991870142;US;NA
6963741;185.87.146.3;12.080641999999999;9.8019499999999997;30.440349999999999;10.536109;159.31164799999999;1445.4329394351091;4.485786916022656;29.456809923499716;0.56650055669300414;3728267.8774272953;PL;EU
6963689;192.147.0.123;78.005775999999997;83.251095000000007;93.130250000000004;74.073295999999999;130.82652300000001;80830.188519438118;23.775382706490731;56.336940437604206;92.446986404116203;258588.78506928781;US;NA
6964278;72.21.91.8;76.743183999999999;78.474930000000001;97.752417500000007;99.170180999999999;134.26639549999999;460.55845140435429;27.939717161628419;41.670497338267516;248.39197059015552;7147617.3827044051;US;NA
6964348;115.231.100.109;392.22075000000001;415.99700999999999;355.50508000000002;332.87208299999998;475.41436700000003;7714.4121238740127;4421.8093251107357;6075.7667893892094;1845.4985118864197;2040611.9442891302;CN;AS
6963619;222.73.144.157;401.73320000000001;411.59273999999999;325.7475;219.95636999999999;370.736715;3704.5667957651972;3267.4165606950392;4456.5092294192;2453.8271053716408;93167.334040635658;CN;AS
6964286;74.125.71.94;17.564931999999999;6.6202800000000002;21.431249999999999;6.0957330000000001;112.095766;8037.2312414625312;14.80571403319675;515.80022589100361;1.0986910323367629;1501927.2671181862;US;NA
6964114;203.183.234.2;235.042607;247.66594000000001;254.70263499999999;235.169918;305.94361300000003;15105.246440756408;40.623234472320519;2933.7838486167211;141.05432390035136;40056.1423133305;JP;AS
6963547;220.243.193.127;20.547844000000001;9.076295;23.955715000000001;9.8571880000000007;154.55542299999999;2011.8742322979012;4.1527542119304091;120.61658918171547;100.33113205880635;90656.641579475749;CN;AS
6963671;192.211.12.20;130.172954;147.33165;182.95224999999999;138.281756;170.641187;346.47888290078026;0.52692776772564709;1066.3503998997355;4265.5615692692427;33424.614279561596;US;NA
6963935;72.21.202.239;84.025361000000004;79.072649999999996;109.41168500000001;80.340771000000004;134.78018700000001;17479.33138020381;1.5878425513882013;105.0289096744899;95.791948830599097;8220853.0848582936;US;NA
6963764;104.19.206.29;10.377217999999999;10.143895000000001;35.896599999999999;11.30716;64.526605000000004;642.91992882345187;31.236974756674478;28.13293389518812;26.205576759332704;4887.8902452703614;US;NA
6963905;176.53.43.6;69.412621999999999;48.977265000000003;68.246425000000002;55.999329000000003;193.69117499999999;2835.8199982643368;20.783668383283807;1738.2980372655122;81.628535711872971;3662827.121955289;TR;AS
6964054;108.59.8.152;135.835419;83.895052499999991;107.4946825;84.577197000000012;130.85417000000001;66463.420653575027;77.346073831408091;175.68956722412489;138.49153497816448;2694769.2519441871;US;NA
6964395;65.97.58.16;79.992208000000005;92.990884999999992;106.1441725;86.536892999999992;140.44495599999999;112715.68650805215;24.78239397514891;68.236160805777629;65.259459072280038;578384.09972866566;GB;EU
6964346;54.230.197.250;18.970371;9.2557500000000008;23.584524999999999;16.064366;94.385683;3109.7735631195301;14.807536848272271;227.75432909321853;25.396338587660196;67798.777581893926;US;NA
6964282;104.16.15.190;10.493186;10.4677775;36.198979999999999;11.274604500000001;64.429837000000006;1309.5659388530007;18.974167985786803;31.712236912573537;26.800993343107219;17027.250958341927;US;NA
6964470;104.27.214.30;10.827267000000001;2.0904400000000001;36.801099999999998;1.1705749999999999;68.985613000000001;64988.444962493457;7.3714754650229155;355.53254821109641;5.8343028262694618;1792.558306943786;US;NA
6964246;216.251.127.130;155.7112635;147.62927500000001;162.87483500000002;155.65480150000002;205.20810499999999;70433.817574221641;26.767205465705274;77.602420367096698;76.093463545913991;2329545.5789668667;US;NA
6964042;104.16.65.178;10.545026;10.147935;36.124447500000002;11.3093675;64.899853000000007;70.023714804577537;37.524300373145586;24.544070353335179;55.708362856362619;11808.808451025849;US;NA
6963629;192.150.16.117;117.42799099999999;112.6353325;128.53668500000001;110.46810350000001;143.51849249999998;1548.7250747365542;779.10596409180664;4219.085988203361;156.37497930004787;3064166.919146515;US;NA
6964373;104.20.73.64;10.569219;2.0788000000000002;36.92492;1.1910590000000001;71.022351;4525.5224529934276;8.5769363319077172;317.06213412093717;3.3673089113221226;44379.589409509521;US;NA
6963599;88.208.18.30;13.529090999999999;13.205500000000001;23.718295000000001;10.467791;87.236368999999996;138.35301583132434;9.5814779373255394;14.95975418800364;40.679860681082609;134128.38677294506;NL;EU
6964361;220.231.200.140;355.18932000000001;307.50575249999997;444.68064249999998;283.24463400000002;401.72475250000002;114506.37109559747;1748.7783294402475;18273.78495203417;857.72688733019629;406787.18101095414;CN;AS
6963802;54.230.197.162;15.895300000000001;9.2448099999999993;23.745844999999999;13.318415;93.088531000000003;15714.525033828393;3.8394884664904385;2034.8327276199866;33.555030388926575;5567844.8287591161;US;NA
6964196;37.187.134.184;7.3943050000000001;6.0834900000000003;26.898230000000002;6.2462119999999999;157.582112;190.89589364805764;15.667332175475291;552.07725512337606;218.7931479968783;2304444.6667579175;FR;EU
6964472;120.55.238.185;385.97806100000003;373.02076;297.55386750000002;283.27482750000001;250.45137799999998;2756.9003844956678;3580.5465584528392;792.80213917261028;2011.7587920593071;195.62501034742081;CN;AS
6963601;199.181.131.249;146.89999800000001;140.677235;157.02930499999999;144.54107400000001;167.631394;977.89996948232442;32.989015763296621;131.81276426753485;165.61301711895388;2237149.166039126;US;NA
6964474;192.0.79.33;10.883330000000001;9.3886424999999996;21.810585;10.282059499999999;147.03094100000001;2057.6983346771522;0.064741174609354593;14.497373072400356;44.05531314034765;6051050.6500577386;US;NA
6964494;104.27.161.160;10.465538;10.49047;35.909199999999998;2.3192710000000001;65.039629000000005;5979.3275565402819;21.757437539407388;189.51325328646072;28.145076801892436;119905.61252373947;US;NA
6964118;54.230.197.112;10.18445;9.0231049999999993;22.59966;16.005434000000001;60.135179999999998;94868.213940070709;5.1754678106392786;36.652872396950464;87.15598494020017;368373.63377817924;US;NA
6963887;104.18.56.71;16.105347500000001;10.02899;36.689394999999998;8.2740580000000001;69.777422000000001;72367.16769022317;19.901938184901898;17.831413365829807;28.315675110180162;3588.5859389947423;US;NA
6964276;151.101.65.95;9.7516819999999989;1.72336;24.7914025;1.3823365000000001;64.734733500000004;4054.4191364975859;2.5696800646245652;118.79966356991444;3319.2114529538421;22315.28422081078;US;NA
6963873;23.235.33.133;9.7770259999999993;1.7796824999999998;24.837225;1.3497895;64.680589499999996;19586.166783481491;1.6170402183095951;56.969466758735464;56.128517040419347;5521.2730004572595;US;NA
6964008;31.222.68.33;27.436805499999998;17.941724999999998;33.269059999999996;24.628095000000002;113.87483899999999;9223.6027908089891;20.958881693269188;204.82758011301195;43.771740935400508;87163.247675341961;GB;EU
6963471;172.217.16.68;7.2430089999999998;2.1605599999999998;20.65916;1.880735;113.534999;482.66884727581123;16.33970368076805;314.97489400873661;199.29375576734623;1997709.6032274975;US;NA
6964300;23.235.33.134;23.212036999999999;1.8318749999999999;25.784375000000001;1.5476890000000001;70.262798000000004;202095.08510286521;3.6997694417351803;629.5985721808039;0.6662431786394134;18716.590906513382;US;NA
6963507;172.217.19.131;7.2357134999999992;2.1629575000000001;20.516559999999998;1.6333055000000001;119.75426400000001;8860.2264649122717;2.131522763585072;935.51606428479067;67.965226884697088;16022.640868684097;US;NA
6964124;46.245.163.1;71.370255;73.723280000000003;78.387749999999997;67.232286999999999;208.14877799999999;338.03418058649805;190.98692767782103;1761.3711204794517;1136.3158145694331;77074.562971396401;TR;AS
6964216;212.27.48.10;2.9736965;1.9795825;14.9172925;1.3131664999999999;58.536587999999995;46.447298467607112;4.7709386719027069;49.092500822801803;1.7120519313948801;7107.3492865334238;FR;EU
6963929;218.211.33.75;260.574772;277.73854499999999;314.987145;243.52127300000001;365.69632899999999;1522.3125306838681;44.137987424255748;3909.8255817272952;1140.5261516441863;7922150.3932155762;TW;AS
6963585;124.127.180.200;420.16290000000004;295.29483749999997;369.74984500000005;358.461904;420.82376399999998;42098.000829648445;1467.7632601709533;5711.2564097606346;2679.2313010047228;1286229.7806448392;CN;AS
6964350;192.33.31.72;17.6958755;1.8070525;31.3146925;1.270346;155.31536;31148.772606777555;1.1036707284529319;154.66442650904119;0.50752416136175882;3798106.3781018229;US;NA
6964463;87.250.255.11;52.271242000000001;39.076367500000003;74.227305000000001;37.097892000000002;187.93885399999999;6102.1464105949171;1.3031483351625299;188.09865711618781;1391.6894397818444;93296.57673441559;RU;EU
6964484;104.31.135.74;2.1265925000000001;1.8811825;35.889605000000003;1.1636055000000001;64.604172500000004;119.44522082850986;10.906914904759818;32.183957188665822;15.635074678687507;3864210.4188145869;US;NA
6963703;23.206.35.117;13.802882499999999;1.8017399999999999;14.5848025;3.0612940000000002;148.14761349999998;137387.76588889808;2.2240057120889603;32.845966280720802;5.2948509505336174;23993.765001011114;NL;EU
6964184;92.242.43.216;68.974477500000006;59.801512500000001;76.81035;54.867419999999996;189.1400065;7693.499203810642;60.308448182380452;1069.7160857961444;629.61797649664663;3857813.6635158462;RU;EU
6964158;5.134.209.108;50.6069855;41.447864999999993;82.355774999999994;38.599962000000005;212.6465705;16643.394373611576;10.184755793253489;233.85108961900025;1103.9635315716034;1091876.1090540262;PL;EU
6964447;178.236.137.157;54.251531;44.349739999999997;80.787487499999997;44.375128000000004;197.04311150000001;796.69625079768196;14.86709600530051;124.25444987873654;254.49507187238288;280520.86863536295;GB;EU
6963625;163.53.78.58;189.90262999999999;148.33575000000002;180.8578325;135.49956550000002;305.56575699999996;7747.9036815644049;817.46652759928975;158.77773111697303;432.3599475334621;13940.218837736535;IN;AS
6963705;104.94.192.167;2.7536645000000002;1.9030675000000001;12.247147500000001;1.5352749999999999;94.019731000000007;1498.3079898103156;3.5375043224571336;33.343956340627642;0.52343426915266722;4982066.3193481648;US;NA
6963477;111.13.101.208;246.057265;232.832955;230.55327500000001;191.695391;354.89287200000001;501.95604907033442;31.88890694934242;1119.9379305478303;110.62328667398154;7798485.8953448841;CN;AS
6964048;23.205.220.82;11.131394499999999;10.213664999999999;43.344210000000004;14.540652;147.628446;34945.836829805274;1.960428072337598;209.35705468620841;130.5365255530607;1367659.7419976881;US;NA
6964379;104.197.47.161;112.732438;104.14169;123.5192325;102.44254599999999;146.17231750000002;16726.985681725073;20.640383396812066;202.09118112742516;107.43114028176925;1041528.345453695;US;NA
6964068;161.47.7.14;90.483090000000004;95.965407499999998;107.42504249999999;108.152081;128.48489000000001;23488.328374849287;40.755391192949126;15.477714991570254;125.10130214805612;7360.5823822883467;US;NA
6963850;107.154.110.40;106.976662;106.0116625;136.728635;90.721065499999995;185.020453;115855.80439860959;1169.9365537015874;2119.5517552998658;414.54583933160995;201854.87471299336;US;NA
6964224;213.174.158.154;88.927889999999991;85.396877500000002;106.9572675;82.208880499999992;139.5932435;2984.6307878723719;53.800688731035891;40.401964921161536;23.465188633152618;460475.11100323405;US;NA
6963633;216.18.168.1;21.959427999999999;10.74516;22.094760000000001;11.721958000000001;105.759766;3231.5626039179665;8.8578605433435698;67.44574709687322;38.847448764399502;680363.45033744618;US;NA
6963537;192.0.78.17;16.167171;9.3974225000000011;22.784894999999999;10.392804999999999;161.40252800000002;1507.1467216705698;8.8973666059165577;1123.0064756556271;375.42024107432627;3680944.4738094029;US;NA
6964230;72.52.8.197;11.34797;10.340355000000001;36.073695000000001;10.4067615;64.778509;9724.2392787417739;2.7812220356736113;25.736964590115711;0.25518861887398891;44106.789369484846;US;NA
6963891;46.28.209.20;20.620419999999999;19.153420000000001;35.078612499999998;34.104955500000003;157.63779149999999;94.322056581121515;36.989775281274895;59.929485623502266;100.24602301610378;11316.237880688048;ES;EU
6964357;103.10.4.216;278.42424800000003;289.38205500000004;306.84733;288.26125149999996;341.03315699999996;699.01787843060526;80.522571239124943;17.987222067398637;1443.7231757829866;12470.939403892384;TW;AS
6964399;216.35.221.76;94.627602999999993;79.872810000000001;96.770235;90.777716999999996;163.877409;54657.625587330171;39.501538745056386;555.76484790762845;129.95428163822223;7262.1539407053815;US;NA
6964016;159.226.6.133;393.25217400000002;301.20853;361.17179499999997;264.15353499999998;390.35297500000001;7108.3932659094962;2150.0871414814528;101.27053415479335;170.08088942183406;149170.77656152414;CN;AS
6964427;69.89.74.80;141.78895700000001;160.11837;179.51262;162.401962;171.840034;184803.31189091751;40.85768745805678;164.67924492417436;2758.6281067719347;4986773.4279334657;US;NA
6964264;185.72.231.14;67.441165500000011;52.852197500000003;69.995977500000009;48.736125999999999;249.57585799999998;2729.9884865003196;260.43868164504653;937.27894854889394;704.18541386014078;2014999.8882950875;RU;EU
6963745;107.22.178.157;84.323345000000003;79.039839999999998;93.058154999999999;80.688647000000003;134.90844300000001;554.02993042488731;9.9032794746129049;179.24966798181873;116.21153553669147;7205801.5851030853;US;NA
6963659;212.58.244.22;18.666243000000001;7.9445300000000003;40.037945000000001;8.7263169999999999;148.28777400000001;647.74508138010083;1.2015261442779601;963.83810950714917;198.00819388625087;1975913.3776453247;GB;EU
6963597;106.120.151.169;425.84111000000001;384.80632749999995;374.74017249999997;282.630968;321.92223999999999;103693.05508838866;724.00982807726155;5391.1999018633405;315.54144633891406;2653405.3745015641;CN;AS
6963473;172.217.16.78;2.9448965;2.0840749999999999;20.309292499999998;1.7439659999999999;100.61877200000001;258.61730866324035;2.0077619244058527;44.224197870964566;1.8794798644441282;2819544.2522035744;US;NA
6964397;111.206.208.220;433.16322250000002;344.37543249999999;394.58411000000001;388.90870600000005;449.02972199999999;34131.454936172158;1893.5409183693034;1209.9770043545359;3757.305486604107;8345.1210859774073;CN;AS
6964262;172.217.19.132;11.757315;2.1480199999999998;20.905480000000001;1.700685;108.437398;9238.9188179215416;1.3908181606278134;237.94687001632133;899.92308132652511;2280230.7878786968;US;NA
6964064;206.108.40.108;160.18025600000001;150.81877;167.30530999999999;151.62203500000001;217.52682799999999;4217.4112824602516;34.075342918399024;57.806412637270093;86.174862327099603;70895.239751122732;US;NA
6963814;194.132.198.165;11.6014105;9.8489049999999985;18.61598;13.797841500000001;161.72739200000001;90.636201309792497;0.69909499271311515;16.109759942350067;3.7996732527225752;3574168.8875606218;JP;AS
6964417;170.20.0.18;85.322513999999998;83.911289999999994;100.00074499999999;82.687775000000002;133.50607500000001;165767.53072858177;10.692085440501272;191.60079878843692;130.00996783585848;6415951.4612446893;US;NA
6963717;192.229.162.112;74.848911000000001;79.19265;97.300299999999993;86.040215999999987;134.71721100000002;107.88159693280845;28.735644055380135;17.818275766047215;193.65743054305864;3793159.9374461607;US;NA
6964028;83.66.162.3;76.468239499999996;70.178912499999996;76.027792500000004;63.765458500000001;239.44286399999999;1813.6698963740721;123.41860637203175;903.65261593617595;124.75831015044801;37495.079018475582;TR;AS
6964336;77.88.55.55;54.547979499999997;39.065182500000006;74.763824999999997;41.902197999999999;187.52566999999999;9138.7436269523987;15.689998873368566;53.230898512149359;2417.0650642055998;7017.5795501929106;RU;EU
6963915;58.68.250.146;369.80589800000001;391.41757000000001;308.69553500000001;284.04775699999999;368.20538599999998;40159.421748223482;1977.1127974723508;2490.0432047949403;160.20396935415363;16186.380472327914;CN;AS
6963788;154.53.224.158;20.173828;10.9194;25.122129999999999;11.264666;202.54007200000001;19500.423775583015;19.777094789190564;186.22434835571917;2.1184595155479555;16632.280328697616;US;NA
6964026;104.16.59.133;10.457858999999999;10.46358;36.081629999999997;11.307900999999999;64.743949000000001;4946.6276400903571;17.847372261444296;95.748705848406658;27.315717035939642;1225.3305163676339;US;NA
6963521;104.156.85.84;10.032386000000001;1.77051;25.015995;1.5180750000000001;64.966668999999996;100.89324098037794;3.682802266447438;116.90498315975154;0.61866724021961628;105207.57865086559;US;NA
6963735;203.209.152.60;228.66667000000001;249.344065;276.14571000000001;258.90200499999997;258.68549200000001;759.63118344947611;30.992620654760675;70.310877992795199;86.881505535934039;2771222.8966330709;JP;AS
6964342;180.179.112.50;115.81903200000001;110.83544000000001;135.78322;106.978103;251.030834;50627.651801366243;2458.1454057900523;8050.3988230156865;1462.3292641197447;7522.5583826315824;IN;AS
6964459;104.20.51.56;2.3969290000000001;1.91814;35.903624999999998;1.1309469999999999;65.069580999999999;44519.98206986802;6.1812579382805133;69.199370615075836;6.7265848235474062;30068.823534434876;US;NA
6963982;104.156.85.64;9.8615060000000003;1.7787625;25.050402499999997;1.4375154999999999;64.586509000000007;30155.099181065678;5.338840048452357;20.412835403004692;1.2619744524668468;11500.451316598315;US;NA
6963933;208.85.40.20;154.00553500000001;142.45049499999999;158.46985000000001;164.98592199999999;169.95997;126397.66851552049;100.30757491105803;1647.4691252092548;150.57926336130424;1806515.4558512748;US;NA
6964036;97.74.104.222;157.35977500000001;134.09386999999998;155.05031500000001;155.00696449999998;175.84477150000001;459.33513578179316;83.454529453659902;498.60862197404833;143.43544948706844;1580955.322671172;US;NA
6963715;172.217.19.142;2.7774725;1.9440275;20.097639999999998;1.5483089999999999;100.180244;42776.018925144504;3.2967940754011096;39.046164362218732;1.0143199089469299;47797.41256265706;US;NA
6963875;104.20.23.247;6.7234575000000003;2.0941824999999996;37.008769999999998;1.230882;70.283150000000006;7819.359827727455;6.9669120515031713;151.69319496877787;3.7238232464171834;57289.520540765938;US;NA
6964468;192.16.31.23;86.551314000000005;83.395555000000002;127.090085;87.033749;161.27926400000001;16593.781994912897;40.863231115080765;78.876984759534238;357.3596943144878;1209323.2782944292;US;NA
6963828;220.243.193.127;11.159810499999999;8.947162500000001;23.330545000000001;9.7875890000000005;134.244891;126.40520041749251;0.92733357142284478;44.344686985408977;57.479618781144907;1082.5851601305151;CN;AS
6963543;220.181.90.20;316.18873500000001;389.37889000000001;265.43228499999998;285.46824700000002;351.14579900000001;417310.1533979071;607.69928095563898;1547.2105999666683;280.76227058002604;17226.681693504233;CN;AS
6963511;180.149.131.31;302.34860500000002;403.53887500000002;355.06099999999998;301.31649800000002;346.01939700000003;29535.262044584626;5516.8639723382767;3949.7939857030183;417.9356535422059;12084.312273437312;CN;AS
6964254;173.192.117.80;158.30748750000001;114.25856;131.6247075;119.30139;192.41015049999999;54014.416284781808;111.49729403243741;1363.6970018482912;248.83841043533275;48261.552334010776;US;NA
6963483;104.244.42.65;20.873476;9.3586875000000003;22.987404999999999;16.7029715;192.2289025;116957.75309898917;1041.0935147032783;519.99820977086847;44.796716765201083;33308.226718533631;US;NA
6964164;104.16.64.153;14.769410000000001;10.08849;35.945480000000003;11.338903999999999;111.71560599999999;47822.930350642739;57.080870338275936;22.573032622149487;1314.6929329391226;3491316.822964055;US;NA
6963575;216.58.208.195;2.7302409999999999;1.9334475;19.761775;1.788554;99.441428000000002;104.85155454166433;0.23320028911506174;12.638754492940414;0.83477127683481567;3061.3297523528609;US;NA
6964413;23.15.77.41;2.7406079999999999;1.5902425;12.204207499999999;2.1338765000000004;135.5662355;75912.460975492984;2.6515264375122407;15.256281171220698;0.61753615965127917;10776370.701789204;NL;EU
6964401;210.139.248.1;249.33048200000002;246.77397500000001;269.28368749999998;233.50983600000001;302.41119600000002;169944.48007248892;158.74677658546568;324.06499973006436;225.93314143753412;99021.464301220985;JP;AS
6963846;63.245.215.20;152.13161400000001;143.774225;155.271535;146.96323899999999;175.46576200000001;15879.247893044983;98.249651505337695;1172.1475397313864;181.82924263701443;3621928.8201483688;US;NA
6964252;75.98.93.51;156.3656;159.01845;189.91041000000001;164.16542100000001;189.83504600000001;140.57185528518207;30.549967814993778;259.98614508553709;87.667351475330747;37829.468286356663;US;NA
6963774;203.190.242.69;221.124908;271.87002000000001;231.45584500000001;209.05076700000001;307.27225399999998;68893.545353758702;281.32159313924814;2475.7497244206211;167.85614925632729;3702946.4238327434;ID;AS
6964172;23.200.86.121;20.310532000000002;1.6705649999999999;10.532900000000001;1.8482315;149.60335800000001;429671.68949396606;3.1058408648784899;219.31058297601285;2.1598200743438158;4118653.6113608279;FR;EU
6964302;81.17.22.114;26.070149000000001;19.4064725;25.726195000000001;19.263291000000002;154.28047900000001;3932.2295217356113;4.3703926400886965;62.67286689478189;67.764465701858853;755499.14581259352;CH;EU
6964318;23.35.125.139;3.224065;1.746;14.72536;1.337253;232.859951;40542.29350793449;6.8866637877665351;22.44948997408212;12.093142568799546;4258574.1047080597;NL;EU
6963639;104.20.0.4;10.9401625;1.94929;36.817187500000003;1.257679;67.024141999999998;111073.29367849222;5.1749719691168616;352.43934386962235;154.76227147085535;86198.302951455757;US;NA
6963776;104.70.253.135;10.191362;8.1578949999999999;50.78546;7.9159199999999998;139.41967600000001;8323.3638909760648;12.425398551778422;90.96823423700863;2.2340910993122578;72867.507916375063;US;NA
6963978;119.145.147.181;329.55923399999995;412.00161249999996;379.68519750000002;313.63916549999999;376.89722800000004;3930.9805271049163;2843.8875789570493;4591.6867697735497;773.34937972374678;2260094.245743209;CN;AS
6964046;213.180.193.105;61.372044000000002;53.097052500000004;75.033635000000004;63.106074500000005;204.394025;378.86452497058178;50.483165804197249;2095.0559968719153;126.32593529131326;2436100.6385350856;RU;EU
6963976;192.161.154.1;84.693521000000004;91.550605000000004;111.49450999999999;93.408806499999997;145.05948549999999;444.95017546254917;233.5669913272321;128.94188689874306;70.343125768988841;5028830.5591751821;US;NA
6964421;104.20.81.244;7.878914;2.2329824999999999;36.338004999999995;1.2813224999999999;96.781459500000011;12167.070553524898;14.471523380008211;49.922735627945677;2.8316843140867296;3960606.9691773038;US;NA
6964212;184.51.148.153;2.7336970000000003;1.5229725000000001;12.1745375;2.0875884999999998;93.993618999999995;4421.651200777028;17.166635594824712;16.457599265416871;54.308479576429619;35297.197157428825;NL;EU
6963792;172.217.20.41;10.975490000000001;2.099135;20.615964999999999;1.606576;133.734171;78009.730867624181;6.0611683681847026;58.053521145417967;0.81007289079257117;7827022.6050135652;US;NA
6964338;209.15.209.70;95.894036;99.057604999999995;134.90253000000001;106.587656;180.71734799999999;1927.6493967639033;66.904325643055813;150.9907676132913;49.904849945090803;4815465.5736686382;CA;NA
6963939;23.3.148.75;6.8655369999999998;1.8502774999999998;12.0511125;2.3074785000000002;142.54006049999998;122.03401285148966;2.3521133022924228;59.396466550578843;0.39434408682856165;5558240.4409861732;NL;EU
6964330;93.115.81.41;53.425162999999998;43.071925;65.003204999999994;44.228194999999999;93.596947;96.341062188610991;74.780095430383639;2924.2472250892556;223.86994077808183;458914.3139586813;RO;EU
6963943;77.75.79.53;22.268932;21.948947499999999;38.913995;17.732296999999999;167.86716999999999;482.11938280119966;1.5966515525123706;135.46206992731928;824.65790443186552;4035609.086148127;CZ;EU
6964240;151.101.65.52;9.9759379999999993;1.7792975000000002;24.996949999999998;1.532065;64.641421500000007;2007.1431255761443;2.7828051690692286;65.341174137248743;0.58212982098018562;12287506.604406415;US;NA
6963988;54.192.198.72;10.498562;9.2146299999999997;22.806954999999999;16.043702;60.071435999999999;4139.3819725020257;13.422354016639625;231.04705211228153;54.317183427576083;3978067.37815075;US;NA
6964038;104.20.75.106;2.0037120000000002;1.974755;35.885745;1.151211;64.627981000000005;13320.567997808448;5.078745525847796;15.66238972723994;2.5334415552523084;11356841.5119082;US;NA
6964050;203.209.152.98;228.50308699999999;241.28396000000001;274.86313000000001;281.50018999999998;255.54360299999999;1606.9178672590715;9.648176815579907;142.82863794304862;172.71407841883899;5758607.4533672361;JP;AS
6963784;23.200.86.152;3.3277450000000002;1.6231199999999999;10.62744;1.941751;144.463133;155.80032916525033;4.6049014364303451;43.94118684561785;0.98366965607115575;87846.025286598393;FR;EU
6964492;72.163.4.161;128.097049;111.93592;127.34685;115.638373;148.42447799999999;112483.41293462164;79.233519762971042;1419.0797889862354;156.05489422014222;1025278.7956677595;US;NA
6963808;54.235.145.223;116.79516;79.447765000000004;96.055409999999995;88.066828999999998;138.70927599999999;2341.7260782813973;15.159802724106717;498.49920140307614;117.580467729101;4789996.9506980367;US;NA
6963495;183.79.135.206;251.87486699999999;270.17142000000001;285.55202000000003;266.05009799999999;276.97848800000003;2800.7421268253097;79.959013250172262;1154.9941754935226;90.904595996160495;8327637.6247071959;JP;AS
6964010;118.145.26.112;410.34785799999997;313.19058000000001;355.984825;188.96633300000002;274.74667899999997;12957.480398753964;1892.2049480741471;4820.770032342537;681.4888333239162;611.57650181683232;CN;AS
6964232;119.254.11.66;393.12545499999999;391.94402500000001;404.89130249999999;333.407734;437.93020000000001;376633.9429942061;3324.9619782613095;5675.2619996927178;2198.5255542841369;13578.594565663308;CN;AS
6963866;130.211.186.109;108.207382;104.17397;132.0119;102.419355;131.09378599999999;1116.9668130506946;96.735239914542205;892.35168948733121;96.95488896143587;3597968.5577856628;US;NA
6964365;222.223.239.125;466.98748599999999;389.02855249999999;336.07399750000002;315.587264;427.99842200000001;3851.5095961852412;4808.993887506922;4033.8387226272534;431.04212811239762;6046103.6402666634;CN;AS
6964094;151.101.128.175;10.004738;1.775965;24.876940000000001;1.4720770000000001;64.684814000000003;1950.3143961504263;5.7565993443940107;12.207379554009298;0.65359033895221663;14451.80715940757;US;NA
6964000;101.201.172.229;398.44999899999999;397.08539500000001;263.069615;286.78254900000002;265.82482099999999;688.14361064098875;2893.3795609175986;585.40625508240851;1100.5813393747139;12459.090355665539;CN;AS
6963968;216.34.181.60;107.779606;99.4846;110.807625;105.32071000000001;176.11318700000001;4438.983546818893;12.971117916288819;2654.4614284391564;184.11156975120508;53315.113117189074;US;NA
6963551;151.101.1.69;16.170242999999999;2.009115;25.811900000000001;1.588017;78.577168999999998;30767.682642925538;15.281081934568139;94.661756324031046;0.73111120231354676;19160.132935082107;US;NA
6963605;66.235.120.127;90.907409999999999;78.745242499999989;95.147265000000004;86.171265500000004;137.57494;45611.607975643747;840.1941469234572;99.031059829735867;116.83707551018419;12085.308230133242;US;NA
6963826;151.101.32.68;94.025875499999998;78.958500000000001;97.546424999999999;84.228426500000012;163.50761700000001;4246.2443788834271;11.209805861269347;877.84448502691566;1041.2486482800591;7401471.3378295163;US;NA
6964367;141.0.173.22;16.236291999999999;14.288845;32.747714999999999;12.988103000000001;172.226339;588.39082159239422;1.2823056870525127;14.722441946149848;7.9212866334244634;1000252.0572441501;NL;EU
6963509;172.217.19.131;4.1963540000000004;2.2705000000000002;20.197545000000002;1.568673;117.192983;177.2887987676425;9.567227160037616;79.983639173712717;19.273054483547845;570444.92088636139;US;NA
6963645;110.76.19.33;427.44277299999999;405.61021499999998;420.49217499999997;352.34477900000002;396.95470399999999;4968.6578492684575;4961.7818661852771;4371.0038248949495;3294.547695369512;505628.45583766082;CN;AS
6964126;172.217.16.67;2.9506570000000001;2.1698624999999998;19.895837499999999;1.6500625;100.12302800000001;79434.215135321574;1.1742389970521752;39.693204519668541;1.1134357442727745;2325463.0058368593;US;NA
6963519;172.217.19.131;2.8423689999999997;2.0528675000000001;19.991909999999997;1.4886439999999999;100.058516;171.60988632734365;0.14394648879676591;108.08328290187561;0.88446317080546466;7223358.2700655395;US;NA
6963669;104.16.51.93;10.484738;10.52398;36.758434999999999;11.324745;91.027218000000005;389.42163562080623;19.981548224459434;58.290958560796739;27.46860344872718;129057.46384639894;US;NA
6964198;124.243.228.203;394.08391899999998;403.52052500000002;375.95296500000001;285.83049599999998;441.63925699999999;30662.652961076383;2383.9056071051623;6850.9761524108926;215.23804464141185;580650.54379040026;CN;AS
6964244;103.6.0.2;212.03485799999999;339.60958249999999;223.52179000000001;198.72950700000001;296.65925950000002;21539.384419005135;499.81383005260813;1794.86286581881;308.17767005549069;1984902.6097987189;ID;AS
6963653;106.120.188.48;402.96814499999999;310.01105000000001;360.10841499999998;283.91685699999999;420.801108;15240.103528475642;1648.2878560276158;4325.6020696382793;191.16851999563008;165662.15137190174;CN;AS
6963899;109.71.160.200;23.456261000000001;11.95983;30.426385;6.2558020000000001;78.596367000000001;94709.977400536998;22.367085652748493;30.412946561724407;2.5905353824158204;1909830.8656958183;LU;EU
6964200;202.80.220.213;209.14871400000001;312.83778999999998;225.24682000000001;214.19396599999999;340.98515600000002;620.24923394823213;193.13736083978256;107.02150346941646;238.95431834013527;89038.240214979392;ID;AS
6963613;202.108.8.82;450.88290599999999;341.03860500000002;394.03233999999998;366.66837900000002;455.57846000000001;4128.8261852463502;1366.5166251510323;3242.7509519414775;3271.9836101525484;27495.489802122862;CN;AS
6963733;94.182.163.3;122.34933599999999;103.10739;109.35551;97.747900000000001;307.63628599999998;7493.5003843706463;3048.981486073515;3421.5234544200443;6013.3900559469057;5382870.0965151107;IR;AS
6964294;209.58.128.90;185.250854;144.71113500000001;166.24585999999999;144.95899;171.91837100000001;903.69337128768962;505.77797554441389;1476.7303756112149;1090.0087430808519;4288316.6668703454;US;NA
6964258;198.176.43.184;152.41347100000002;143.80647249999998;152.05107750000002;143.60342650000001;164.104737;74096.08796513264;3.0721016675372645;2440.9234848307042;508.12484018805503;127180.5203845427;US;NA
6964208;216.200.199.56;151.60783850000001;143.32300000000001;153.243675;147.11548499999998;189.22717399999999;131899.24314974033;458.70802547847796;2081.9138506382574;188.55641608844286;5007601.5051905299;US;NA
6964332;64.94.140.201;147.098142;147.64696000000001;161.09782999999999;142.38136499999999;172.01667399999999;108070.95652827193;2.9424462460879792;1064.1939241545874;187.35823748124349;527800.75077774178;US;NA
6964308;104.24.4.33;2.1004809999999998;2.037515;35.821775000000002;1.1442060000000001;65.057293999999999;4621.7769449267762;10.493230415528931;19.044614693206483;3.2636442222981619;5783183.780076961;US;NA
