mesurement id;Destination;median(avg RTT) from Gandi;median(avg RTT) from mPlane;median(avg RTT) from FranceIX;median(avg RTT) from LIP6;median(avg RTT) from LISP-Lab;variance from Gandi;variance from mPlane;variance from FranceIX;variance from LIP6;variance from LISP-Lab;Country;Continent
9961532;104.16.85.202;16.229123333299999;13.80856;16.373454666699999;17.5208996667;14.103999999999999;4997.8760419632317;1.3861149761730216;0.09705864465950638;19386.639047382047;1.0787458561869925;US;NA
9961142;172.217.19.131;13.211138999999999;5.8142833332999997;6.0462993333000004;17.3783073333;18.460260000000002;21946.135532695531;4.7547496736925527;0.015550100123460801;155566.38707203342;167.5703611995568;US;NA
9961128;172.217.16.68;19.38099616665;16.04133666665;16.19486116665;28.961157833350001;25.32576333335;11484.572014816804;0.16830578170062532;0.037911702940833659;223815.6733062827;44.519881595296475;US;NA
9961232;216.58.208.195;8.5936663332999998;1.5164533333000001;1.5404363333;5.5536649999999996;14.0254933333;21347.892084057919;0.022099904179029552;0.015978601321992983;1792.8588198717848;1241.8397554126811;US;NA
9962107;23.235.33.134;5.8242570000000002;8.5666066667000003;1.5586966667;18.253315666700001;14.8452;23.54102556981071;0.22536172400513435;0.63858866421871319;18.163125411749764;35114.670726162418;US;NA
9962245;104.16.4.13;6.4540175;1.6424574999999999;1.2672811666499999;8.9491216666500009;14.41329666665;36.609809138427721;0.046764981272580927;0.037747311027005834;18165.277971890027;125.29854884616027;US;NA
9961399;153.254.147.65;257.82392383349998;253.57343916650001;255.5900031665;286.20306516649998;285.28394749999995;49367.365633427704;10.649182105111072;5.9138672772322805;103662.24171389743;9485.8927815264215;JP;AS
9961387;104.103.89.231;20.060548166650001;25.515840833349998;24.557910499999998;33.0563908333;57.456319999999998;10.561481982088406;2.5804345519491338;0.0432157390512223;112.40286376588762;1.990859334589429;US;NA
9961395;108.174.10.19;82.788881000000003;78.696941666699999;85.668788000000006;108.571413333;92.125339999999994;162.07635446019049;0.094794829795663879;0.88645204738859795;142656.50237628256;11457.934616079197;US;NA
9961864;23.205.220.82;16.106627;10.338642500000001;17.8016726667;25.606149333299999;36.624861666649998;19749.751847423657;0.086693858497895723;0.1387135696938083;21794.955155256939;468.2834932584214;US;NA
9961402;94.182.163.3;167.34109000000001;140.460208333;149.72964099999999;173.43849833300001;169.14026666699999;32834.081364282938;1212.8352014462805;1154.2231763503405;31661.037045033281;3650.4228065091884;IR;AS
9962105;220.243.193.127;28.228869666649999;8.5877166666499996;10.025327166650001;12.8217625;23.197501666649998;36058.981983964673;0.034964425422402134;43.764438807449572;64.526746179793108;4.3255594010916312;CN;AS
9961206;23.206.4.202;3.0760966666999998;1.5793733333;1.3743963333;7.2995856666999996;14.627845000000001;7.1417690295327683;0.099734850188610058;0.18390740767467623;16.509381608390349;13104.444090553779;US;NA
9961186;172.217.19.131;11.6019226667;5.8435583332999999;6.1181770000000002;16.064515;18.472973333300001;203.03032079088132;0.17502746327275856;0.032988664851515692;2913.6681285509685;15874.344789271889;US;NA
9962261;217.74.65.23;52.4267626667;36.292360000000002;40.502259666699999;57.631243333299999;52.408093333300002;16391.702918872928;0.038250958238700915;19.215159978573883;13840.461595578287;1943.0402808865651;PL;EU
9962113;95.142.199.215;54.12788283335;49.351164166700002;54.550935000000003;69.480205833349999;62.677225833350001;120.45856921489266;0.048815157786880399;0.048720009168138012;118.2475047048125;0.50391035204857537;RU;EU
9961493;104.23.197.8;6.8916493333500002;1.65435333335;1.1626276667;13.61152283335;14.2894966667;392.45622971523352;0.2951558673244063;0.17379648875979606;302.68466659423149;2207.1234994200763;US;NA
9962273;192.16.31.23;86.718993666700001;78.831729999999993;85.8869193333;100.395028333;100.22502166699999;115.19195023267649;0.02909737300969813;0.36162849954484189;4112.3282382366024;324.63631592177586;US;NA
9962279;192.0.79.33;15.8223393333;10.37861;10.544384000000001;25.934597333300001;20.9971216667;9035.9979665828287;0.031859340168037577;9.6290579550361581;354.33153006871322;2772.5714338644166;US;NA
9962047;120.138.69.70;201.4771605;299.53912750000001;253.6364588335;342.67654866650003;294.88822416649998;24.434243549366339;990.94082390213725;1051.9530552115609;1767.3705043486893;42.789572107552281;VN;AS
9962159;185.6.169.69;27.005445333350004;19.05037916665;14.4727946667;23.647492666650002;21.51691166665;29.898751695791521;0.068318169694817577;0.11820052907698197;19196.148672839008;813.97595350609083;CH;EU
9961788;148.251.23.152;32.287494333300003;20.753723333300002;20.855553;31.6167746667;23.370541666699999;166.9875593068102;0.10035860992099009;0.11975943586845389;855.70236662075934;7087.9459222578289;DE;EU
9961919;104.31.72.239;8.1699856667000006;1.4001933333000001;1.2291406667;3.570945;14.330598333299999;9362.0804327110236;2.6246809842029899;0.033115635331800918;44.270986179439774;0.49860612177650565;US;NA
9961562;210.51.19.63;180.310564;238.28974833300001;162.41401166700001;262.89848499999999;182.56186;19472.463904857792;52.428026239825279;54.98474711517725;4460.8668280359361;53.253480758327782;CN;AS
9961780;104.156.81.84;5.5562253332999996;8.5693450000000002;1.4935419999999999;33.699078999999998;14.4477783333;402.2599696086894;19.86305315704098;0.017320678458418993;164789.29343635094;9249.9822022602038;US;NA
9961551;104.24.3.15;8.3153933332999994;1.5399483332999999;1.2109153333;5.1087369999999996;13.9801816667;649.8737295984447;0.043685031506757212;0.022124886871835964;256.22827713965142;7075.8708723771169;US;NA
9962049;120.134.33.10;429.156182;350.41641833300002;455.14685066700002;274.22930233300002;467.50223999999997;61769.007250456096;451.09693731353309;3063.5759345179081;1960.4234327552888;2394.5516622534628;CN;AS
9961453;104.20.29.48;7.4460176666500004;1.5302449999999999;1.1888008333;8.3923216666999991;14.41730916665;1072.8561114376564;0.052461526529523107;0.18615993999739991;6112.3039146490828;2910.3692912776751;US;NA
9961905;205.186.187.178;146.28188516649999;140.93257999999997;145.7004013335;149.703069833;156.36220500000002;11369.311154395959;0.29116352826895597;53.740489452422402;22779.003656797497;1999.2020677321523;US;NA
9961270;212.58.244.22;30.149126000000003;8.3357224999999993;8.4280080000000002;14.33446683335;35.335446666700001;62.143964473100958;0.04672963918117088;0.018226836353535013;1229.4624526374362;2.8713775202849754;GB;EU
9961240;111.206.227.118;318.11103933300001;323.56637499999999;309.86685299999999;276.79749566700002;319.89585333299999;12096.53150125512;1547.5959915887438;271.4238140700852;547.73883406444781;1194.6106163265879;CN;AS
9961997;92.242.43.216;54.713995166649994;50.48540666665;53.52480633335;63.675788833349998;62.45026;35.390311487569768;4.1471426676004093;36.579631037861084;42500.076163029262;10632.610331342652;RU;EU
9961443;210.129.120.43;244.09579266700001;238.83358666699999;240.74113066699999;263.28043633300001;258.506598333;113.98179221224368;0.052783833908021986;0.23054041547752316;5478.3332011724542;2381.9072758728944;JP;AS
9961379;54.192.199.95;14.203139166650001;9.1039166666500009;9.199046333350001;16.211971500000001;21.605140833299998;3332.5765825672943;0.24635876114763561;0.015501093121604016;80.297935148822205;3701.3889498612984;US;NA
9961848;104.16.11.250;8.2720018333500001;1.5885574999999998;1.1914750000000001;8.5085459999999991;14.34332666665;90.219767538020434;0.032699638853079194;0.084123516668150697;230.87958423660569;1026.6358286551326;US;NA
9961774;54.230.196.80;15.344131000000001;8.5521766666999994;9.1522310000000004;12.920322666700001;21.736613333299999;216.93805501874337;0.1213231588870671;12.414869331660707;2111.9791899071747;9869.2631949154602;US;NA
9961528;31.192.116.24;18.880259500000001;13.951786666699999;12.835247499999999;21.9507245;23.809571666700002;1680.8866329239811;2.1493044962497456;0.14069649763818357;488.60849319667102;16196.033862524535;NL;EU
9962045;5.135.203.40;15.7047071667;10.62470416665;10.66024016665;18.201987666699999;21.3909175;593.79434069693798;0.05157415876694111;0.078802424463463236;95.721391396475568;5082.0201731787438;FR;EU
9961315;96.43.149.26;84.058897000000002;78.847752499999999;97.169799166649995;117.61115933350001;94.434639166650001;1825.8107946260454;0.13559453610980887;35.102626870209576;41751.912539593992;1.8784252711456804;US;NA
9961640;91.198.174.192;19.74746;15.258644166650001;16.349398833350001;26.26509283335;26.392586666649997;78.684437948179465;0.57150461387670315;0.019951850537748349;85168.079457798289;0.531856849984227;NL;EU
9961288;125.6.149.67;220.95799633300001;241.842895;268.66716066700002;245.404721333;207.00878666700001;79.776618090823547;0.025964924487630315;0.012647300168539884;14421.221470937195;356.06751122395042;JP;AS
9961758;72.21.202.239;85.8224816667;79.705921666699993;78.863475666699998;85.653265333299998;103.36657;53.509584246879996;71.436168335339531;0.31675227122707506;68.536930146347885;71.120004770700334;US;NA
9962204;216.35.221.76;87.438097333299993;80.739503333299993;95.365583000000001;97.419027333299994;91.869903333300002;1635.0072742118114;0.056733203877241463;9.3403412197451967;47459.462454198532;6902.7343208704751;US;NA
9961901;69.191.252.148;88.282258000000013;81.668509999999998;83.990760333350011;87.804561833349993;94.514229166650011;2934.3804205781071;0.60332085411345804;5.7789939125325072;62.546623297030472;1336.2372669943816;US;NA
9961383;5.226.176.16;25.436421500000002;19.108259166650001;25.3073266667;35.656839333299999;44.374070000000003;36.671163425466901;0.17296048779372777;31.750435248750392;3964.2640425312798;1075.7385206790675;GB;EU
9961301;219.85.79.131;207.79882566699999;286.06063999999998;284.37268933299998;290.17119466700001;288.35880500000002;13584.039788315351;0.15829061272282907;87.687259656645665;221009.44561820271;18.753643054828775;TW;AS
9962091;104.16.15.190;7.3111059999999997;1.6881766667;1.218269;10.54285;14.3209366667;36.274130004701597;0.095858820851303289;0.022149258181167843;1604.7301237236181;28143.747191542185;US;NA
9962257;121.40.21.118;323.95168133300001;432.90619333299998;376.27301366699999;212.39863500000001;401.32046500000001;673.90219837716245;6061.7289168971984;3287.6012124682197;6160.4916791224687;7710.7939867385912;CN;AS
9961166;172.217.19.131;10.478338666700001;5.8660858333500006;6.0413106666500003;19.569667666649998;18.4291175;71.182343742062272;0.11944924858173626;0.016979956742145082;79017.381490296364;464.58363257804643;US;NA
9961915;104.20.1.139;3.9045133333000002;1.6759516667000001;1.223916;10.067458333299999;14.285431666699999;6.6039178373663487;0.13078836425322818;0.023626364801782158;130851.94572877359;5414.5116605041494;US;NA
9961212;72.21.206.80;86.380177666700007;80.256652500000001;87.408447333349997;84.546321166650003;93.494756666650005;151.86649458058443;72.696904585827454;0.45411776029221645;254.71610698326819;75.439332735773093;US;NA
9962187;172.217.18.233;11.657474666700001;5.8751608332999998;6.0871370000000002;14.381443000000001;18.52406333335;49.300780797601504;0.026281896240245729;0.031661027091973749;3282.5830671615076;6392.3031040861779;US;NA
9961736;104.16.108.24;5.0698253332999998;1.5371966667000001;1.175789;8.3773459999999993;14.457075;24.701962787416882;0.26002295866715547;0.023782072494714084;12140.071140224354;4793.9756018732342;US;NA
9961248;205.204.101.42;146.89718166700001;143.364778333;145.926025667;154.009374667;163.23870833300001;1009.3407070728119;0.048994332994782952;10.337013625697409;449.82694773025486;639.7485483593772;US;NA
9961826;118.145.26.112;396.87943999999999;311.792418333;185.62747866699999;203.578664667;204.00505833299999;3045.3713280989678;1062.296175140458;2116.7863077271404;111778.17915129103;10080.411220255715;CN;AS
9961890;104.25.174.27;8.0185615000000006;1.6699633332999999;1.271706;12.207874499999999;14.330090833350001;14361.498182903646;0.11395954855807533;0.15308191874502611;65751.617610201094;9792.4051126389295;US;NA
9961517;193.252.148.140;20.527107999999998;14.464185000000001;14.041199666700001;36.194567666700003;15.535905;247.87718353449216;0.033640643365020255;0.039095354489247308;557.79072760545887;5616.3269537305223;FR;EU
9962071;172.217.19.132;12.368643;6.0090516666999996;6.2070829999999999;13.2730906667;18.3482466667;319.60317100167083;0.13275317841323783;0.038435410924038536;54.709660011900382;11933.639992831044;US;NA
9962216;81.171.123.200;30.596870666699999;33.316546666699999;34.3017936667;57.895691666700003;47.388351666699997;2718.7987876937868;0.74871181865445424;0.90574428335865309;94497.081291323368;28760.682692459581;NL;EU
9961895;85.111.30.111;52.173706833350003;42.058746666649995;57.809220499999995;59.765899833350005;51.964075833350002;199.03245051505652;33.690063365970452;39.933473621956239;43924.697621580985;8575.879614359168;TR;AS
9961303;120.24.248.50;384.931533;380.61867708349996;366.15904016650001;232.85828666700002;344.78301416700003;3388.7704414619261;1962.6066009444191;3548.5607047697176;56078.738850013979;295.26714719609248;CN;AS
9961907;205.203.140.1;84.151312666699994;91.5839866667;90.674639999999997;97.804308000000006;88.405958333300006;419.20698074361786;0.050124351867000601;0.071929418484399141;2893.5922164949366;11529.911182625032;US;NA
9961321;72.21.206.80;86.478609666699995;80.096298333299998;87.249900333300005;83.0208166667;93.620863333299994;71.814281673626667;71.44058553740426;0.077159136568799469;80.621409653454961;1964.2353652086731;US;NA
9961698;104.25.24.99;7.4260489999999999;1.7624766667;1.2089273332999999;13.971714666700001;14.2833733333;102.01749211473667;0.52246449849936727;0.44962104212558945;87077.970434246381;0.44657985400701011;US;NA
9961951;104.20.64.203;4.7989769999999998;1.3940199999999998;1.219384;2.97638466665;14.3864775;2966.4792289356374;0.0037983623003032146;0.033257419697862924;28.155066378613366;28455.749914296463;US;NA
9961558;193.164.196.82;6.8090896667000003;7.2131400000000001;1.0827066667;12.5913633333;22.795963333300001;302.23443929349168;0.063758020371920784;0.62991657634809251;104.42587466052396;17664.166158136653;FR;EU
9962131;199.83.129.48;148.29955033300001;140.06072;150.57427333300001;172.37942666699999;155.550091667;315.07475204814392;0.11812699568086919;19.981245924892271;89087.704351619715;0.32570718519771547;US;NA
9962009;37.187.134.184;11.6940826667;5.8790800000000001;6.0258396666999996;16.644355333299998;23.020160000000001;19073.197948847741;0.084904898148925559;0.56865802514572905;32442.740932645152;912.96638395195021;FR;EU
9961208;151.101.1.69;5.9022094999999997;9.0672874999999991;1.5270193333500002;17.756292000000002;14.6069116667;2381.2399345101576;0.026457380467186646;1.4291874379274656;49.237054925310737;10136.339451641557;US;NA
9962243;37.48.119.34;20.050691666700001;15.49283;14.060352;23.088643999999999;27.421261666700001;516.39805299466002;0.036739282544749154;0.11302052857403498;116.70817026460486;4797.8320686537527;NL;EU
9962099;165.254.226.65;154.72028666700001;155.93465499999999;154.444443667;164.038432667;181.966498333;143.83887400293992;3.1135501570875728;44.594274835317755;149.43716971748856;17468.487199207353;US;NA
9961828;119.147.114.19;385.81332550000002;381.03392666650001;307.39367966700001;404.18875316649996;330.56325749999996;3335.8575994333892;3423.7187639557187;2307.1270561988781;36511.039304640581;7372.9134123583262;CN;AS
9961963;59.106.194.19;216.14353149999999;256.25181750000002;256.39526716649999;263.19224450000002;281.84839249999999;32.432517957915515;0.14344930047296386;8.3186554895306521;26810.800364129685;29.354922965402441;JP;AS
9962135;42.121.252.58;337.63872400000002;407.37762833300002;333.56933299999997;272.31237466699997;360.73691500000001;20829.63820822335;1642.2894864861673;2176.7869327244675;102180.68168109392;2776.3473744268599;CN;AS
9961615;213.180.141.140;42.000648833349999;38.201253333349996;37.301954333349997;51.936394333300001;47.6981091667;10.263892052434372;0.074080025556691784;0.06949249047912906;3034.404502688506;33090.868547689592;PL;EU
9961731;151.101.128.230;5.6939530000000005;8.6452766666500001;1.4954943333499999;19.308675833350001;14.72653833335;64640.00240144079;0.021950126382955695;0.31278481674810482;4759.2550747429559;21598.672464744697;US;NA
9962214;192.0.78.24;14.8239393333;9.6658349999999995;10.5397106667;20.452611999999998;21.066386666700001;83.874058090918766;0.011851575121424528;68.384643351818482;206.30007107710256;170.32515159346201;US;NA
9961172;193.51.224.148;8.5786894999999994;1.4885575;7.2369023333500007;5.8316813333499997;13.74813166665;772.53101263645465;0.11829320763643776;0.052298710687158738;169.74918775023687;100.3454641319948;FR;EU
9961260;123.30.175.29;205.78640899999999;276.87150500000001;216.60782633299999;248.53688166699999;230.730646667;720.60048048512454;704.37992738546222;769.82838239240618;19168.434802048436;19367.028828593753;VN;AS
9962101;124.153.64.100;127.815193667;121.508251667;115.737009;161.74851200000001;157.49900166699999;204.16703153347942;249.26645049932279;194.13040456842944;86681.519651980154;192.59233188881072;IN;AS
9961673;104.18.56.71;7.9738899999999999;1.6195183333000001;1.1864793333000001;8.3479056666999991;14.401196666700001;38.722143515586566;0.14267846088619551;0.18657108173058964;86.73848268729941;11475.13732732184;US;NA
9961371;192.229.162.112;81.021712333300002;78.882886666700003;95.716477333300006;99.25506;104.591361667;19.6329696534;0.034365610292898134;0.047064081279626482;48912.091496115252;9084.8035915038454;US;NA
9962202;111.206.208.220;316.523327333;346.01495;307.01464833350002;258.20817983350003;341.01458000000002;519.73833940899283;919.20772752101777;486.29463665936379;550.94814449043633;563.65713063285341;CN;AS
9961230;184.173.147.39;88.871698000000009;81.130789166699998;93.202816166649995;99.649427833350003;100.23528833349999;406.5500653166647;0.096674246954597282;64.098202406327928;65187.642020104278;15582.264788047642;US;NA
9961202;172.217.19.131;11.0912023333;5.8267350000000002;6.2104699999999999;12.119554666699999;18.433828333299999;9.5880441640527341;0.074324794268870495;0.040309418590711008;218.15203188953529;20932.196895752913;US;NA
9962183;104.197.47.161;122.98984900000001;103.360171667;102.05204633300001;116.585239333;114.606708333;8966.3109597153471;0.05475674879449622;0.043721216728887631;433.49065799481923;4578.193728814751;US;NA
9961600;63.245.215.20;147.743773667;143.8366;152.95135200000001;153.812510667;153.419926667;38599.324389283123;1.3532384382257245;1.4255370354336634;6666.1870820323029;3.8599759757488106;US;NA
9961311;192.211.12.20;137.30537133300001;147.38562333300001;151.42944833300001;178.33629166700001;169.21037833299999;3175.6827917360201;0.058123248574773807;70.972286093500841;42115.218089380403;6446.5382478700358;US;NA
9962291;62.116.130.8;31.9866946667;15.8007933333;27.377306999999998;21.216260666699998;27.390723333299999;650.25951835407045;0.064422700794626531;0.015947840486889749;313.71595831615878;20902.431269968438;DE;EU
9962222;170.20.0.18;88.518674000000004;84.012850833300007;88.020336999999998;91.260562333350009;99.641008333349987;687.48854235449221;0.046723456005070753;14.337283636856498;451.83989395941194;3158.8510188154937;US;NA
9961830;104.16.50.136;8.8149778333499995;1.6902083333;1.2361021666999998;10.388226;14.3525116667;73.302709006189602;0.13267881028545031;0.11694730219417121;82.440180882031044;1611.2536346747809;US;NA
9961299;212.58.244.22;25.542021666700002;8.2094391667000011;8.4111340000000006;18.697347833350001;35.391661666650002;23.921072474130607;0.034563300839332074;0.0348979675502194;1029.1728073904583;37816.964573942438;GB;EU
9962153;115.231.100.109;366.83860183299998;388.60391416649998;414.36631149999999;257.41880400000002;396.59524416649998;4398.6366739160885;3203.4250101573093;3356.6030385581103;500.67173011525341;2170.9417075563183;CN;AS
9961282;104.20.0.4;6.7850253333000001;1.746205;1.2229749999999999;14.0106266667;14.407545000000001;76.481822544341924;0.07242359890764509;0.027291968586589523;24135.71632127971;119.268344774773;US;NA
9962157;162.208.32.99;81.797776166649996;88.073839166650004;80.060601999999989;94.472082666649996;103.4390325;4724.1356220155149;0.011308141502131283;0.62500148902846331;922.86384639371192;27506.725782233389;US;NA
9961246;103.23.108.107;278.46405566700003;289.82779166699999;258.51793700000002;298.12178733299999;301.19587999999999;559.97321536515369;0.73949995835202398;36.935653295483903;375.2352004092927;29.757374210477291;TW;AS
9961786;216.34.181.60;92.133138500000001;99.401674999999997;98.901458833299998;115.0697829165;110.4415066665;2.3937483744325747;0.040727058775999969;0.63539047459066345;2289.9040204290154;1471.9283144358158;US;NA
9961977;104.16.64.153;3.8425609999999999;1.5877016666999999;1.1927423333;10.4176663333;14.266579999999999;29.467949783790729;1.6184974959683283;0.18796647269168559;53153.127488593658;6089.1145929774157;US;NA
9961810;137.254.120.50;151.62793466699998;116.476229167;151.06411816650001;161.92284849999999;131.9682858335;49.443744044262083;0.05006245057171909;1.9252658387376587;4233.406121039362;23296.513038248544;US;NA
9961818;46.20.153.2;56.2019956667;60.414990000000003;77.972559000000004;69.891342333300003;67.83811;21146.426997171417;37.744531788979259;70.507463624498683;845.40206050951724;966.30243007660681;TR;AS
9962161;103.10.4.216;289.57215416650001;287.30491000000001;279.70508766649999;282.12434450000001;317.78688499999998;2597.0059966995873;49.505381415946879;2431.000442715756;363.0949861007204;5856.091855875673;TW;AS
9961134;111.13.101.208;285.19071266700001;261.36719666699997;219.37900866699999;178.98960366700001;324.06325500000003;202.5903995745671;0.25902263263746989;24.411064052410232;354.2485839406051;508.71533708922465;CN;AS
9962165;220.231.200.140;302.23532483350004;344.2444616665;282.41645600000004;209.81994616650002;276.1514991665;1125.5892308728592;1800.799786288258;302.08117067824713;3471.7679947228507;2860.2914891167338;CN;AS
9961764;77.75.79.53;31.003142500000003;26.8798575;18.411683833349997;30.754566333300001;31.781122500000002;84.704446246896524;0.19174652478686641;0.86176315386425995;345.58221317380395;23417.175320033497;CZ;EU
9961319;42.236.9.70;329.34713833299998;314.462085;349.03384333299999;288.12498566699998;319.29544833300002;90.511006839309474;1237.8203389979039;1126.9178489024587;16175.035608254953;1014.5601345154438;CN;AS
9961182;172.217.19.131;10.099970000000001;5.8281700000000001;6.1740416667;15.4060833333;18.375520000000002;28.135430842828985;0.049667092619621767;0.030223165457031579;72.89049689556181;2688.0789018454107;US;NA
9961305;195.8.215.136;19.251971999999999;1.9979233333499999;2.1802700000000002;8.3511058333499992;15.289613333350001;57.865027936998878;0.020547009837903241;0.098358173906341009;98.173960470874022;4343.9385491689891;FR;EU
9961428;104.20.60.241;5.1686414999999997;1.4532225000000001;1.1782456666500001;9.5192336666999999;14.3347183333;9.5960481148287187;0.061265168306060838;0.46818717531350806;109.28950556356004;20006.325509424361;US;NA
9961874;203.12.21.5;181.0212201665;244.0098283335;199.05257933349998;266.29330133349998;195.46938249999999;3724.3864384465701;13.632959348496533;0.40056334429051693;1316.6743452866599;3165.5058701774556;ID;AS
9961804;54.192.198.72;15.428355;8.6781866667000003;9.1548813333000005;15.025410666699999;21.3680016667;118.19068964506545;0.10105886218080172;0.80590705981441924;154.10439153344646;1223.7877819699504;US;NA
9961778;74.115.50.109;145.01647716650001;144.2121975;146.68865283299999;171.25814616650001;167.28804333350001;100.49185223067387;1.0443205430307911;1.7168196861479481;359.37262874698285;31.515063028458723;US;NA
9961140;104.244.42.65;14.191107000000001;8.4654433332999997;8.6664466667000006;18.321667999999999;22.098413333300002;79.482199596013729;0.25348238779689319;0.31538463132872324;16409.177731135886;7837.9825009986771;US;NA
9962125;23.35.125.139;4.1109771666500006;1.6708674999999999;1.9828463333499999;11.8233623333;14.819606666649999;170.13311117055392;0.029612066948605954;19.392016304319064;4222.3333212119896;22157.457044872004;NL;EU
9961216;172.217.19.131;12.5693466667;5.7432733333000003;6.0380376667000002;13.307395;18.3784933333;6182.5757347868393;0.027828096297354932;0.019153210155388574;215.15677484712907;4356.0392454000412;US;NA
9961375;104.156.81.67;6.0249613333500003;8.6708958333000012;1.4154808333;19.909891999999999;14.786085;149.84974371820712;0.039343675544610789;0.061890214212630863;12203.291343939696;5943.7142115985744;US;NA
9961214;198.11.132.250;145.84169333299999;145.041155;143.84710033299999;161.71728100000001;171.29262666700001;153.44612857386741;0.051940611873752998;3.4993064813240071;270.35794190022187;18.608937419449468;US;NA
9961862;213.180.193.105;48.4218983333;39.275115;43.426017000000002;58.999563999999999;62.090876666699998;33.525935449466303;4.8472775298747823;0.06650494018655842;10563.455954559806;0.60614512534938558;RU;EU
9961866;203.209.152.98;257.72037166699999;208.94521666700001;264.73623866700001;267.18315766699999;228.37021166700001;43286.048987310569;356.54733937337249;21.902291072281631;2475.448638239533;2.0425317779875742;JP;AS
9961274;193.51.224.177;7.5665946667000004;1.4003966667000001;7.2878780000000001;9.8457620000000006;13.6743233333;32.759487549245094;0.45942996771180139;1.858167786318994;14549.971733536602;964.84624836101045;FR;EU
9962019;216.200.199.56;148.61135766699999;143.24869333300001;146.72844833299999;153.41955033299999;156.48730499999999;2442.5879020711113;2.7827405912637109;3.10103197078868;120.36640043905803;5019.429470378017;US;NA
9961989;161.69.25.181;127.577626;123.306491667;119.746941333;135.80905133300001;132.48968166700001;1819.5974524963171;20.331824298361209;5.3591068538897551;3038.5058402385516;19883.172724059015;US;NA
9961336;93.184.220.127;6.5642255;1.3370283333499999;1.8425826667;12.378370333349999;14.751636666650001;118.20487825420278;0.061140435651635273;0.084279571986969476;11687.465928261532;4521.7639738819944;US;NA
9962233;69.89.74.80;152.67676666649999;141.35809499999999;143.72293200000001;161.35312033349999;170.01368666650001;2852.5477185800573;0.7464956706878042;0.41729599326550754;46.83350191428238;192.07537285395298;US;NA
9961955;193.51.224.8;5.6558093332999997;1.1528433333000001;6.5901500000000004;7.4723856667000002;11.907825000000001;3093.5946907859743;0.14163123824269433;8.8049016741312922;193.04928546059784;13438.657661504934;FR;EU
9961524;54.230.197.162;12.800770999999999;8.971565;9.1971579999999999;12.540931;21.567711666699999;621.72061113506345;0.33549022876563583;0.70684302166072577;363.74402398408074;4291.6019289975993;US;NA
9961691;124.251.98.4;371.06029799999999;406.63628499999999;305.78349233300003;241.754672333;390.49378000000002;2204.0626606834921;1821.3492203193675;861.36220691863048;2355.4961100830792;1673.1215430710881;CN;AS
9962181;61.135.218.26;308.23353366700002;303.39290833299998;296.97445366699998;242.26616033299999;305.01749000000001;546.03968070267877;838.83697541669983;105.11564866700282;11264.815438286039;5608.9500681334939;CN;AS
9962137;93.115.81.41;52.929803;41.2985516667;45.781706;55.524619999999999;62.09169;1279.6333003135662;8.5473213036136499;8.8399977263026148;361.02217349365202;1428.7669161864555;RO;EU
9961582;104.16.52.162;5.0232329999999994;1.5831041667000001;1.19319966665;7.5389456667000001;14.537881666699999;27.922878604369366;0.074445676575132597;46.088436017347568;1293.6794416035068;16742.858359064692;US;NA
9961272;163.53.78.58;144.45852533300001;155.10271833300001;168.170715667;165.873697333;176.50449499999999;137.72364000297225;0.26443505822049046;1.1014695088151767;275.79893015959061;12309.557113026789;IN;AS
9961652;104.20.23.247;5.3349131666499998;1.4989883333;1.1708401667000001;9.8214420000000011;13.9080075;1579.2299489693889;0.03905546812988369;0.03285060655815706;12439.096265563656;3.5210020040069328;US;NA
9962189;140.205.170.62;327.16793775000002;314.76345416700002;277.81995783299999;195.62000749999999;292.88100416700001;81810.76955136683;570.07740777719641;1192.6967782922416;636.11813736927388;4101.1602779552741;CN;AS
9962297;72.163.4.161;119.706904333;111.855786667;113.268762;122.373656333;123.5681;15788.717945568462;23.129991994500223;17.800998002365628;20684.075266684416;15221.257411499966;US;NA
9961812;104.31.83.13;2.5336323332999999;1.6448283333;1.2417606667000001;10.6206736667;14.3041766667;4.0157196637137078;7.4300548711875622;0.21666589038154999;82067.834146258494;19396.921869741476;US;NA
9962035;213.174.158.154;84.832656833350001;77.87799916665;80.14830649999999;96.352019500000011;98.143341666699996;44377.168617538664;0.026392521381975734;0.38513531146669006;100.77233287748398;10144.899135897975;US;NA
9961566;151.101.32.68;85.729297000000003;78.895354166650009;93.268292666649998;122.27548066700001;97.041142500000007;4783.9446336559622;41.824912712404732;1.5561465636582339;219151.43060343945;0.22882903420648723;US;NA
9962115;104.24.4.33;7.5235853332999998;1.5631366667;1.1653543333;12.9753623333;14.283986666700001;421.53561190028267;6.9358912084930067;0.029490706995883121;36100.002061622683;196.18788888326932;US;NA
9962129;210.189.86.12;238.84971200000001;231.5939075;236.90534183350002;252.73797066700001;257.73298666649998;38.927794266206988;0.031557661736451394;6.2426213199662355;69.105147343973769;3570.9948511878397;JP;AS
9961367;172.217.19.142;12.5020186667;5.862825;5.8711226666999998;9.2346896666999996;18.435333333300001;18823.898650326668;0.031269074837891701;0.015002513284353737;239.77117858823743;19537.034039888713;US;NA
9961136;98.139.183.24;99.288852166650003;97.592093333349993;93.956901333350004;110.56642199999999;103.98089416650001;9186.3305392056955;17.446819156381263;54.704315338490154;47880.665238350171;4087.1709238021172;US;NA
9961154;108.174.10.10;85.039633000000009;78.689486666699992;93.399358833349993;89.66939383335;92.1215983333;354.0672790664018;0.0035739734518232848;0.19444068267531228;421.66484374380661;2007.2878485722613;US;NA
9962067;198.176.43.184;152.96015866650001;143.15364416649999;143.54017466649998;166.36496149999999;157.48729416650002;5485.337075039437;3.2221179293178528;48.847019026803288;177.52371446780941;12.817412513003598;US;NA
9961687;212.77.98.9;45.043209333299998;35.938166666699999;35.311615333299997;43.821576666699997;45.3851166667;27.278596756977969;1.7440934464973434;0.17258860955156846;49357.83619804577;2659.5595777392514;PL;EU
9961555;82.165.229.87;17.206147333299999;9.5685749999999992;9.5427393332999983;18.791171833349999;22.788808333349998;10536.766642848343;0.048914860021943937;0.23170229558745564;46454.523888056654;4912.1873204741642;DE;EU
9962283;118.184.184.70;411.09000233350002;446.71698333350002;421.48719366650005;237.63985566650001;427.29401916649999;7808.8693686058768;1785.4138508705153;3843.7249867596229;96727.618142986961;2613.0421462950221;CN;AS
9962206;210.139.248.1;240.03255999999999;256.71105;248.674647333;261.54091633299998;292.02719500000001;258522.06985859663;2.0812098660241869;13.918669255619033;8270.3986652679869;6443.1219875441257;JP;AS
9961935;104.31.76.24;7.8054415000000006;1.5162783332999998;1.276621;6.5080333333000002;14.40414;3433.7852411766694;0.095053111780225782;0.048224332098260332;1445.389947999611;14311.529753648623;US;NA
9961961;78.140.188.189;26.364165333300001;17.039705000000001;15.262758333300001;24.250884666699999;25.5017566667;310.15587380945891;0.023728477462018862;0.15777859360997226;276.15293944267546;3151.0582563721841;NL;EU
9962299;104.27.161.160;5.6432653332999996;1.6171599999999999;1.1466713333;11.623426;14.332663333299999;10.728894727015822;0.16792502376985322;0.029248681327896542;4722.0819230357893;10045.117520276341;US;NA
9962083;104.25.160.23;8.3120656667000006;1.6996283333;1.1815046667;12.833794666699999;14.435549999999999;86.253494806740221;0.080851806707673016;0.14366247411508606;16062.033228734243;5824.8705127208541;US;NA
9961760;104.20.30.112;6.7799056667000004;1.513595;1.2789483333;9.5808020000000003;14.31048;1179.3722494669378;0.025684784410332576;0.037140557784817056;37745.804886229227;1007.8478823149396;US;NA
9962193;173.241.154.10;142.16553233299999;141.80583666699999;139.814087333;179.15242000000001;164.12185500000001;48.49445079612606;0.064409295230447125;0.88091403281203062;70058.08859946391;2248.2955872902166;US;NA
9962111;222.158.213.148;253.72881866700001;274.764205;259.51538166699999;284.05663299999998;272.47975833300001;112.83034294771822;0.040492177551214661;44.681222260128472;3105.9465133640238;4851.801372383854;JP;AS
9961660;212.97.32.174;21.04218033335;17.945078333350001;15.798807833350001;29.233926;29.034052500000001;85.332102145758128;0.034286760580601164;0.13484333920968494;56050.326214336943;10935.568319310176;IT;EU
9962143;77.88.55.55;49.136906333299997;39.1804283333;43.353977666699997;58.409483666699998;67.297461666700002;262.73139894575115;0.79390995858997626;40.315576226276647;937.04032139129026;14741.092073861551;RU;EU
9961420;151.101.65.69;8.58636983335;7.9293066666499996;1.55599183335;25.918981500000001;14.60015166665;14888.064916250336;0.23551691811005188;0.035517491072903785;9332.5810918193492;0.12657288925106777;US;NA
9962069;194.50.69.124;25.330693333349998;9.8987308333000001;16.866064000000001;36.671239499999999;26.962900000000001;33267.282949089167;0.2510986843680032;0.20664674780469525;24696.403080695425;9008.6059639278537;DE;EU
9961471;104.20.93.127;7.1664656666999997;1.6443483333;1.221876;8.3924500000000002;14.360846666700001;63.050861255974802;0.039080392652569275;0.024944143703037262;72822.846217461978;16919.369116151167;US;NA
9961766;140.205.174.2;314.78470299999998;303.243560833;293.7898938335;202.50781666649999;268.532173333;79.13553828778079;65.904050272231402;1344.6155560903487;623.69594027703909;10828.373354105393;CN;AS
9962095;74.125.71.94;11.308802;5.863035;6.1590999999999996;8.0568336666999993;18.393586666699999;39.130698372039895;0.062979084932822713;0.11678035761785029;5433.3445047770429;137.74917870755101;US;NA
9962224;213.180.193.50;60.858892333299998;58.288125000000001;64.453879999999998;69.924621999999999;62.049203333299999;39.477187761802753;0.042517651374065789;0.11497830041767258;292.64711725324582;11389.287385435375;RU;EU
9962121;104.20.66.152;5.1640329999999999;1.5450716667;1.249355;9.2705300000000008;14.438615;20214.630679999311;0.33390432105604001;0.097289069672327338;72984.312800962827;6651.6273876157811;US;NA
9961198;151.101.60.193;13.8309146667;8.2815100000000008;9.1197833332999991;29.138693333300001;29.334910000000001;30.672783527013149;0.12410730809900872;58.389242277810069;18412.099111212206;0.13237522511383043;US;NA
9962063;75.98.93.51;166.344737667;151.568288333;162.69598433300001;174.91817900000001;175.588155;314.81130942967843;0.059707134690631172;10.283290562146139;35232.19475637807;247.6899654868717;US;NA
9961719;119.28.48.239;219.70001233299999;295.22999833300003;215.527311;219.657772333;270.01057166700002;365.97054787723965;329.46538168474586;205.59742707155343;624.5760238741201;5.2022397068471564;CN;AS
9961604;103.25.22.168;333.51699441649998;236.40534250000002;427.41578549999997;267.9172375;406.83745666649997;2110.2685111410538;1272.640425611595;3017.5525716559264;19644.956148429414;5570.3409322869411;CN;AS
9961608;107.154.110.40;83.64212883335;78.960480000000004;88.56303183335001;89.476113999999995;91.948337500000008;13302.450254119332;0.05854182800567987;0.20143336747590723;303.19937268441112;17739.100079010426;US;NA
9962051;151.101.65.52;7.6451859999999998;8.7806033333000002;1.4473389999999999;33.689351000000002;14.2675216667;4201.3933550913262;0.048412206411856111;0.37545943370441254;19503.765635531476;42.971011094827894;US;NA
9961325;192.147.0.123;75.017487333299997;78.337035;74.212935999999999;97.555475333299995;91.956296666699998;6.8491909800015245;0.030907812956700038;0.09448046310280532;130.40939775369421;19283.624593328808;US;NA
9961644;104.16.123.108;2.60915266665;1.5703258333000001;1.1899558333;13.3212186667;14.38984;5181.5109828241193;5.9981491178710433;0.040733023809610011;58241.502579656146;0.15547962345395294;US;NA
9962287;23.45.151.67;9.3918736667000005;1.928825;2.2300423333000001;19.537156;23.926909999999999;638.80617943182176;0.13067840949047813;4.3668778936059969;88008.918035173745;6773.5526546081037;US;NA
9961144;61.135.157.156;317.60492799999997;303.79636166699999;310.76279766699997;273.04888699999998;322.98983333299998;221.35877244598461;798.62177036076559;218.77078194388932;18488.432659171343;849.34663085348018;CN;AS
9961180;104.244.42.5;12.230786999999999;8.7692408332999996;8.2750541666499995;15.660035333349999;22.140487499999999;20.410958495840717;0.075655171420253534;0.074750648635092384;2859.759212382794;29599.862168557829;US;NA
9961949;69.89.69.99;153.34940666700001;147.24590833299999;145.288294667;163.78780900000001;167.43022166700001;23761.108117281095;7.0153686742994426;13.064408314360053;74746.086547583938;0.5221243648009094;US;NA
9962123;138.101.8.100;228.785965667;270.45781833299998;248.88840200000001;247.83083366700001;262.74248499999999;176.11122318884401;1.922819839853354;31.461452289935004;6279.8363099842536;60.652691794668463;JP;AS
9961983;204.155.149.139;124.824857333;110.48983;114.26390649999999;126.21685733300001;128.04947083350001;63.208869723459458;0.040594963973193711;25.2620276828954;333.65113126668535;0.78217007086773349;US;NA
9962037;104.20.11.85;6.4811540000000001;1.6805533333;1.1697960000000001;13.7792026667;14.3232583333;24.191494355690537;0.25467516826634107;0.0094828970748950716;4592.7298730880666;10451.250316061249;US;NA
9961440;104.16.254.64;4.42124916665;1.5807358333499999;1.1910876667000001;10.83366616665;14.445591666649999;545.5456032282965;0.22411949954465873;0.063506120849582251;6669.8250694550416;130.61738973173445;US;NA
9962085;151.101.65.95;5.0498570000000003;8.4485475000000001;1.4946584999999999;15.9389473333;14.71644833335;10.395633698305849;0.015915267092763013;0.022881770605188256;29.058709256343406;0.13866047700113618;US;NA
9962093;216.58.211.105;16.302851500000003;13.028634166650001;13.425740166699999;19.900548000000001;22.338759166700001;4926.3765590971952;0.057093514901202173;0.02596527873769133;9352.5566449034632;2041.8278188592597;US;NA
9962289;104.31.135.74;6.6530578333499992;1.6434866666499999;1.1517495;11.55481816665;14.376919166650001;638.21481837619217;0.12070061323020569;0.017370827202867319;51604.053735175577;19.613220848924936;US;NA
9962218;23.15.77.41;8.5089299999999994;1.7883616667;2.5660270000000001;8.0404493332999998;10.18671;11065.295552097652;0.0091244437601530892;1.7457545844181173;298.8873283075207;2026.6832091207243;NL;EU
9962195;23.200.87.127;15.270147;1.5560050000000001;1.60375;8.2974736667000002;9.8967925000000001;21.851217770718598;0.61818026684550442;0.1557999884324098;30000.049536089984;11298.534749270038;FR;EU
9961957;134.213.2.238;16.3590436667;11.502569999999999;11.261144333299999;19.068291666649998;24.570352499999998;302.38732055794395;0.022754614752424039;0.026761358227958526;54176.137982996566;4.2031368742920652;GB;EU
9962230;104.20.86.35;5.7308173333000001;1.6310733333;1.2155286667;8.4198416667;14.0584783333;18.190759005047649;0.040603935802317942;0.19830919016092749;5502.1368482438056;8201.2252707312764;US;NA
9961832;159.226.6.133;265.57701316650002;280.17524833350001;307.28579366700001;260.62558816699999;284.31106;89.991393938511024;861.1051071984798;55.592740056494179;21604.421176835971;12460.407660556355;CN;AS
9961234;133.237.48.124;216.106796;254.99166833300001;264.086322333;283.17368866700002;277.40337666699997;35.145005979106628;0.23675474685129846;10.598727291178461;21509.115477315681;7735.6347837565354;JP;AS
9961262;202.108.8.82;345.48179699999997;346.36254500000001;291.79182033299998;264.69739633299997;325.52156500000001;128.95348966175183;1323.9619448265976;86.961960752197527;486.66656535657239;234.29673151089619;CN;AS
9961770;124.243.192.30;311.38220633349999;326.72830083299999;363.544804;201.7652883335;287.91954333299998;210.88660858265263;240.86200755911847;4089.3735711067179;85848.439576169025;3148.4920752122816;CN;AS
9961266;104.156.81.194;6.0593931666500005;7.7629524999999999;1.4305826666499999;17.0641955;14.842075000000001;33643.851304143252;0.053002278171370258;0.43433901740233316;24962.650161579109;17533.612766958144;US;NA
9961475;203.190.242.69;187.67005399999999;165.182556667;176.07898900000001;171.00317000000001;206.11593999999999;196.28122764709914;0.025214342734171495;2.4543955935611246;1719.0076204168954;1093.9639351714468;ID;AS
9961710;23.200.87.140;15.891715333300001;1.66615;1.587;10.5817623333;9.7417116667000005;18783.277449228586;0.12070782497806919;0.30353329973995363;4551.5116987813481;14221.480555202806;FR;EU
9961648;23.235.33.133;6.2899216666999997;8.5663250000000009;1.5117183332999999;17.809411666700001;14.233121666700001;319.29783818608416;0.03418667806215852;0.36696643468968432;71.814639397779189;25047.877391273483;US;NA
9961746;218.211.33.75;231.95345499999999;308.17837833300001;259.00291700000002;315.18265500000001;320.723773333;68.257812751175877;1596.2884666221191;45.255059537786728;313.31119316550007;157.47882662680479;TW;AS
9961130;172.217.16.78;21.1668523333;16.197636666699999;16.362974999999999;18.7806753333;24.922591666700001;4678.948211782902;0.043281831068767429;0.018761412313365741;286.91122555666016;4010.1020658865314;US;NA
9961880;206.108.40.108;157.169567667;148.97689250000002;149.158312;167.73891366699999;158.3977166665;853.8877286472582;0.21416565774401605;8.7566251307777296;33253.464986594852;0.24344109269605577;US;NA
9961164;172.217.19.131;7.3868816666999999;5.7913083332999999;6.1009633333000002;13.462787000000001;18.4284233333;1150.4678659873146;0.071356340486200306;0.025859483993972098;7534.3150675203278;6438.2915939826735;US;NA
9962167;140.205.250.54;299.72537216649999;365.14111666650001;243.07032683349999;189.2581501665;273.61915583350003;165.43547252537383;321.98618576124557;124.79055935081379;186.58840858569658;268.62981760239882;CN;AS
9961917;104.19.142.70;5.5882249999999996;1.514985;1.2326021667;11.511938333349999;14.377696666649999;1506.7034641157668;0.039292331500251264;0.032980607878409889;37618.784683258258;689.48233603882102;US;NA
9961947;104.96.26.164;6.4691216666999996;1.7960608333499999;2.1438851667000001;22.7351086667;12.241166666649999;41475.873888314265;0.059881317545180744;0.54738986061984218;152.71199417232529;19567.218159295062;US;NA
9961836;151.101.129.34;7.1226896667000004;8.7735299999999992;1.5040766667000001;15.785987;14.707348333300001;68.280478806288599;0.0075126612240067041;0.023246091072208673;72.754126998407813;2509.7131984822922;US;NA
9961636;130.211.186.109;125.698585667;103.400575;101.92855299999999;106.855189667;114.50349333299999;121.35987220876491;0.018150065430054898;18.716871959294359;1224.4501022493341;10290.358410097731;US;NA
9961941;104.16.32.27;6.7863056666999997;1.5762316667;1.2500573333;10.642434333300001;14.2297716667;34020.665969411682;0.27975969277569862;0.016457121795507075;3406.7827105826909;23534.241063814054;US;NA
9962103;209.58.128.90;161.374496333;153.12159;144.325605;162.90051266699999;157.312578333;335.05337040439173;0.22024438554644629;83.466391184016175;728.08532229151353;5496.8855958089262;US;NA
9961391;54.231.120.185;82.419856666699999;80.181494999999998;78.19822099999999;95.125651000000005;93.477358333349997;905.90383863589648;0.077055086024835684;32.318460449269715;663.85405066183171;0.099812167885169528;US;NA
9961170;198.41.209.138;7.2860176666500003;1.7090766666500001;1.12863616665;16.945667666650003;14.3954325;537.29022738314188;0.10588085928098358;0.12994812538643014;276913.05897055607;8967.2558642289314;US;NA
9962043;119.254.11.66;415.19368333300002;262.034896667;288.45604066700002;186.59126966700001;265.52386333300001;18452.272570403144;1563.2555114434181;3269.6009968236135;2236.8167961214108;2794.9012880344885;CN;AS
9961870;108.59.8.152;93.010962666699996;81.7271233333;88.343464333300005;86.748177666700002;92.277016666700007;228.77916064056629;0.25638755991195195;0.061585912300708187;4312.6471713426427;0.14760192871005909;US;NA
9962145;209.15.209.70;105.560853333;97.744923333299994;92.632440666700006;98.596115333300006;111.07420999999999;167.40805186904691;390.38786261813482;1.1218634695075655;169.21536509879473;311.07261364977478;CA;NA
9962059;104.28.27.209;12.8110106667;13.92490833335;16.486356666700001;19.566468;14.312454166649999;130.46174482582848;1.6998106941659299;0.057370982714686145;131239.50034535202;20255.761423150274;US;NA
9961913;104.20.69.204;5.5644173332999998;1.6441083332999999;1.1600426666999999;12.680451;14.486378333299999;121.48760168957811;0.055723445357845555;0.0097158103804175534;32029.740359880878;7642.9423431965297;US;NA
9961424;107.22.178.157;83.808144833349999;79.897598333350004;79.148457500000006;90.504466000000008;92.884687499999998;7495.9680985090681;1.4671141405530388;41.348512253789941;46937.298936229432;1932.6741727156382;US;NA
9962271;216.33.197.90;84.130192999999991;79.669431666649999;90.359759833349997;91.857298333350002;92.643349166649998;140.93547615414042;2.3705020492555322;27.545349445319189;29637.960822866426;14929.759274305286;AR;SA
9962275;104.27.214.30;6.9224969999999999;1.49841;1.2056686667000001;6.8779533332999998;14.081556666699999;872.47167261557615;0.022853346813914866;0.012104440060440126;10269.949920484003;1.2025969198495863;US;NA
9961792;104.20.94.121;6.1735696667000006;1.6058083333500002;1.23734366665;11.020417833350001;14.26533416665;192.55323142620293;0.092800685498638721;0.035141882054416061;3564.2482837720054;16176.902791430703;US;NA
9961899;213.92.16.101;26.890373166650001;35.121189999999999;52.916403500000001;50.076170166650002;38.358784999999997;3680.89701839503;0.41445213447722368;0.10685009998933022;24423.999753030083;9952.4417485215672;IT;EU
9961802;144.160.155.43;150.44918216650001;152.3586675;167.6253025;165.97046566649999;149.90716333349999;83.913727177161292;0.65248403268317179;12.483170993474815;43437.065288275924;665.79129267216103;US;NA
9961782;202.61.113.35;169.330466333;271.55058833300001;207.65773033299999;273.26136700000001;342.931621667;5704.8468587625248;0.11598846068341692;14.563921240359484;3577.4183573984637;602.39344669862157;ID;AS
9961220;217.20.155.58;67.861902166649998;62.406262499999997;60.661769333350001;56.683787666650005;57.07414;48.686990939199504;0.24365477303205149;0.6246656733864131;53324.443564912799;1558.9760262299574;RU;EU
9961176;172.217.19.131;10.836994666700001;5.7938166666999997;6.1124653333000003;12.102402333300001;18.399868333299999;14.419783044467016;0.12925479874936366;0.33505802394752821;23814.626069388556;26330.610145417166;US;NA
9962285;92.62.130.180;72.128270333299994;47.753430000000002;56.672554666700002;60.4979323333;62.797910000000002;85.42397116841245;0.015201372529893543;0.043447928991296007;224.13224363345159;1804.9642035362126;LT;EU
9961497;154.53.224.158;16.961283333299999;10.830413333299999;11.3393576667;28.846598;24.190808333300001;87.797163384068725;0.02905929523356976;0.51920807707907701;399.11724390712072;366.4869738029559;US;NA
9962263;104.156.81.70;6.0588813333000004;9.0353533333000016;1.4745918333500001;18.7956516667;14.401479999999999;19748.884803444271;0.043602783496602182;2.4233721854658223;38.180983640127103;868.80107902780219;US;NA
9961840;148.251.77.209;29.63840616665;20.970145000000002;20.933557333350002;38.966663999999994;25.79113416665;18.156698931150828;0.15437962328520191;0.021395472511714506;29273.468327691557;0.11428458351700123;DE;EU
9962053;194.158.2.5;26.552581499999999;1.8926541666499999;22.508454;15.40825916665;10.71815666665;86.551964255001607;0.035677556839821614;47.699987250102765;7926.322913270008;6420.027540001759;CH;EU
9961925;176.32.100.45;83.962896999999998;79.86838916664999;78.981799833300002;89.952914166650004;93.292120833349998;69.756159705137094;0.032426479524320422;1.17515479415194;501.47881895016326;7794.8641472969703;NL;EU
9961146;140.205.220.96;311.046334333;357.92839833300002;303.163565667;198.58461583350001;291.32614999999998;156.08616064203801;315.69102297968948;1264.8252626642841;2507.792357871806;195.77621226731793;CN;AS
9961868;104.16.122.127;8.6784014999999997;1.7926850000000001;1.1609516666499999;13.74976316665;14.282698333300001;7132.1882979903157;0.11582806787476604;0.072206989931937596;1032.0487300870452;12667.147755328397;US;NA
9961178;104.156.85.84;4.5786891666500003;8.6426791666499998;1.5430166666999998;19.208579999999998;14.505474166700001;229.40926518101705;0.11666982413373828;0.12773266786484708;4633.6120374843886;1247.2307543804131;US;NA
9962007;104.16.10.104;7.3530893332999998;1.72322;1.1480113332999999;14.539778999999999;14.3087533333;507.23821002019821;0.19982346482256527;0.026140304326127354;87317.257340555472;5298.0482546420308;US;NA
9961632;104.85.66.52;19.549444000000001;1.4066316667000001;1.5351630000000001;5.9745293332999996;9.8047366667000002;7618.0771410479565;0.068706432228147957;0.0095031912345701977;39.682329739658577;7141.7544149632067;US;NA
9961359;104.27.6.113;8.1236496667000004;1.6184000000000001;1.1712856667;9.7361939999999993;14.3425883333;9998.9533579455765;0.13306074309007931;0.014248145150453461;208.17102254591939;11685.853041100499;US;NA
9961457;104.19.206.29;8.2378260000000001;1.6180066666999999;1.2727850000000001;9.1735063333000006;14.3209;47.57816821883052;0.12265827324699241;0.021325309841180192;79.954232061874805;9730.3836138315364;US;NA
9961252;88.208.18.30;21.217540333300001;15.708396666700001;10.561597000000001;30.927365999999999;23.320444999999999;264.16784865249252;0.02260515342340701;0.95510153036020273;3788.8801817095418;2064.3925351217822;NL;EU
9961991;91.216.63.240;30.851334666700001;17.579805;30.960633000000001;36.665351666699998;31.356521666700001;3841.5309757162299;0.056409933052672986;0.14432295255415703;1085.9134683853722;1.2292523034043885;ES;EU
9961999;104.25.28.101;6.7031053332999999;1.7039433333;1.2223823332999999;8.7360019999999992;13.94455;105.73337953146934;0.049522533439204437;0.041059366538337243;12263.104829908334;634.03027970804521;US;NA
9961706;176.53.43.6;60.989452;48.714223333299998;53.945392666700002;59.273484000000003;64.565624999999997;95.624932553556476;0.66513789771710086;0.72327077759943914;10694.062234463214;5961.431776241544;TR;AS
9961224;31.192.120.36;19.60947583335;13.67251916665;11.437874333349999;22.443908499999999;23.327547500000001;15663.472788250236;0.38345572013845386;0.02282933351310739;19576.142047026191;2674.0728169844701;NL;EU
9961363;42.156.162.55;394.91335900000001;402.38945666699999;363.93742933300001;225.41265333300001;397.73066166699999;1501.5961042524273;1033.7659558412111;2316.4684469630338;395.57127482280515;2903.1951025942371;CN;AS
9961347;104.94.192.167;5.9681290000000002;1.7034966667;1.6784223332999999;18.972163666699998;12.5369483333;7.7548120410742802;0.068273495744650942;0.062796424884485086;175.18497963691942;12058.424663462978;US;NA
9962017;69.196.244.99;83.212560333300004;79.539386666699997;79.505607333300006;90.143762333300003;93.180228333299993;91861.141927973964;0.090673238608879256;0.48148073268506869;276.54325981129779;850.98681929896145;US;NA
9962097;104.16.29.30;6.5045773333000003;1.5047891667;1.13484433335;7.6376336667000002;14.390284999999999;61.846028890794592;0.15998909273319975;0.014205376384995189;186.11464015614698;7678.8529209051148;US;NA
9961824;31.222.68.33;18.932483666700001;20.101755000000001;24.744499666700001;26.473221666699999;28.029571666700001;10.984257540442004;0.31699451690568436;0.093628176879893235;23913.208707117403;13837.600541783162;GB;EU
9961846;79.175.144.35;173.563683333;210.50819666699999;191.59642533300001;204.54199266699999;188.53966833300001;18626.663473535875;1228.3512502238418;1246.1322767977172;23657.693221159741;1285.7016434586135;IR;AS
9961886;37.9.239.32;38.621704000000001;18.262676666699999;35.082737333300003;23.825669333299999;41.822473333300003;13394.873790020705;0.068792035081464545;0.94020170858687091;118.09343103939115;15204.741749239489;IT;EU
9962220;209.104.56.26;85.8855853333;78.447993333349999;77.81563349999999;85.078289166649995;91.63339333335;300.62931750053838;0.062722213146891193;30.397955879883689;257.4662256015431;14333.052234117338;US;NA
9961933;178.33.44.27;14.312450999999999;7.2556099999999999;7.4224786667;14.801411;18.213256666700001;8934.5509223114714;0.58645885171553269;1.153886584782065;12172.796660494116;587.85070690066414;FR;EU
9962177;104.20.73.64;8.0486413333000009;1.6394383333;1.1718693333000001;12.678146999999999;14.41647;101.03078592686091;0.10379244300802787;0.027454540583447578;95399.865832372903;0.50011694668835427;US;NA
9962015;151.101.129.34;8.06195366665;8.8242983333500007;1.3937599999999999;18.484995833349998;14.82043583335;5017.528888060313;0.022372747619068462;0.079230871814313236;65.301186663440419;0.66439278105407562;US;NA
9961794;192.161.154.1;91.279378166650005;88.063038333349994;88.548154166700002;91.075986166649997;96.455118333350001;723.45564154517547;0.066365909382849197;3.2826245629668085;57.688819092486533;0.73758469668913951;US;NA
9962089;5.79.69.118;15.153283333300001;15.50293416665;14.1573195;33.252742499999997;27.500050000000002;1831.9358526951862;16.509814874965468;0.063628932222132895;50771.602064054328;14917.717769934448;NL;EU
9962127;140.205.230.48;310.51731033300001;293.267448333;251.37929099999999;227.90481366700001;271.16888;164841.5938287951;122.0498064484667;1359.666894509887;50169.462759011738;7742.6132636963484;CN;AS
9961138;91.198.174.192;14.341763166650001;15.26913916665;16.357596833300001;21.29523616665;26.197930833299999;1.6608919001671358;0.45213744395503908;0.01314902323718445;3191.5388043352177;18199.316930230856;NL;EU
9961694;109.71.160.200;20.9185323333;16.4852116667;6.1966103332999998;17.738755999999999;35.164336666700002;26364.298069427732;0.40830101380296185;1.0056383255833103;70.96010436742651;6206.3095009363251;LU;EU
9961463;104.94.192.167;3.0707203333000002;1.7081083333;1.7248049999999999;23.772932666700001;12.641318333299999;379.97975133711014;0.29251198078558066;0.018283761849670035;159.96876206193872;842.61514128836632;US;NA
9962235;67.228.27.108;122.734872667;113.33770833299999;122.80846833299999;127.368473333;134.01352833300001;827.2540672600345;0.47746391827416568;15.783646513264417;57.362973131147093;7401.6857787290419;US;NA
9962228;216.146.46.10;87.283729333300002;78.881439999999998;86.406608000000006;98.458899333299996;95.025864999999996;139.98206263128779;0.03825210821372424;0.34761293209166821;6005.9491272634605;19951.112462640416;US;NA
9962163;146.197.184.71;85.507345333299995;79.124658333300005;80.212247000000005;87.423761666700003;103.211346667;1317.779139451955;0.037397514635555344;0.29431092709024609;39450.603723303699;1051.8403524822488;US;NA
9961681;46.28.209.20;34.625799000000001;19.1786608333;34.120385166649996;32.601734333349995;32.390503333349997;3032.4611270180471;0.093967451785921391;0.048562782764573383;11982.851902984465;33.326998922921504;ES;EU
9961754;208.85.40.20;145.08482916650001;147.80114750000001;156.81121933349999;158.46979216700001;155.307445;17154.413266213971;0.023465097460613538;4.4335715330043612;152.24598635258573;8148.3432108472598;US;NA
9961664;62.153.159.92;19.801604333299998;14.505129999999999;14.3851153333;25.225988666700001;25.968993333299998;7.9220327558590373;0.028038924550789244;0.094166077269781739;32226.783150144009;10825.954457180305;DE;EU
9961981;206.131.180.21;150.0516141665;145.447269167;156.996039;175.58249883349998;159.77813666650002;140.88310648162604;0.18955212438122368;88.385547932782387;23735.941006692217;0.976907517533111;US;NA
9962247;54.165.95.219;87.0199216667;79.934878333349999;78.688530833300007;85.340817333300009;93.507446666649997;33454.177994689926;0.02765757860168825;0.48424761308488917;164.94295147238452;14579.834224460285;US;NA
9961236;208.82.237.129;84.469392999999997;79.108354999999989;86.207593666650013;103.3188048335;99.130245833299995;50537.478933166851;0.03729695317691533;0.69361203753007716;3000.1330881768085;16424.773201400832;US;NA
9961939;172.217.16.67;22.850948500000001;16.155989166650002;16.521229333299999;21.864964333350002;25.06353;93.688948731846509;0.10603962825122404;0.038950850047642892;19428.781721794832;12974.165325434664;US;NA
9961513;82.165.230.17;12.642562333300001;8.7954166666999996;8.4598469999999999;11.5000343333;22.058376666699999;5.8864904258221067;0.0079411637952844297;0.067851471872571387;390.1788723931341;1939.6534619202876;DE;EU
9962210;203.66.53.8;273.78706299999999;293.41895666699997;301.1840786665;264.54827699999998;300.54296166649999;1981.2218710659663;1.2114901974457759;59.498172235089157;1088.0347666804039;8983.4257234526849;TW;AS
9961923;125.6.149.67;216.664107;241.72606333300001;268.71664933300002;241.82302433300001;207.026406667;12.922279348365221;0.053087656489568362;1.7000115499577084;2600.1067595847176;375.25685926327867;JP;AS
9961987;104.20.24.90;6.8934414999999998;1.72201916665;1.1630738333499999;11.426562166650001;14.457795833350001;1577.154980261161;0.088369419891328599;0.0081627510195111611;10380.256634857627;11501.255041815126;US;NA
9961332;104.16.56.23;6.4010253332999998;1.6440049999999999;1.1284593332999999;9.8368020000000005;14.305569999999999;10305.164628096765;0.14019018790259638;0.011290370752639618;213.46176336261314;4847.85051358907;US;NA
9961174;94.100.180.200;70.537741999999994;53.194936666700002;60.739527333300003;64.274957333299994;58.817361666700002;95.836941128273921;12.892669150554878;8.5194948184051889;3401.1441820210193;0.18536446416839397;RU;EU
9961148;204.79.197.200;7.3036816667000002;1.8259158333499999;10.243047000000001;11.276033999999999;15.0125425;45.908859379083175;0.1022028639233817;1.8061436236856452;214.67058992693021;81.787888696980986;US;NA
9962265;104.20.51.56;4.93900883335;1.69988416665;1.2312894999999999;18.182531833350001;14.478520833299999;14.885891119461066;0.16248396561003448;0.035548755925090859;370.87624157969179;8283.1649148019933;US;NA
9961150;172.217.19.131;12.0925463333;5.8766158333499998;6.1215185000000005;21.433220666700002;18.503579166649999;85.515250466529167;0.074985783849638138;0.18601461765085106;331.54290550354983;16.265495272942339;US;NA
9961878;172.217.19.132;14.497154999999999;6.01245083335;6.1800189999999997;15.691523166650001;18.298700833350001;14467.405740685643;0.16085518392869211;0.021811223685887834;129.83914232229958;9485.621831227274;US;NA
9961931;54.230.197.112;16.30925116665;8.5642999999999994;9.3388220000000004;15.323907166649999;21.611045833299997;4447.1128081971747;0.74671716479685679;0.020370312397852728;185.69197838052685;1254.2067884213068;US;NA
9962027;212.27.48.10;6.6344973332999997;1.9476500000000001;1.2649223332999999;35.7747273333;15.080615;118407.13791994848;39.537074349095327;0.13953305320012169;261368.10477682977;166.79626887430592;FR;EU
9962033;104.24.7.4;4.688129;1.6525666667000001;1.2032970000000001;8.7418899999999997;14.432011666699999;12.747325509803241;0.52579566354816842;0.35725589631218796;10150.336887328167;0.10411008694295049;US;NA
9962013;202.80.220.213;186.185765;312.23001333299999;184.51679066700001;264.44574933299998;286.24460833299997;291.34854409586853;1123.7225597820309;98.726033563668111;11507.477916949787;136.80433791425838;ID;AS
9961768;192.33.31.51;4.4422410000000001;2.1152041666499999;1.1725283333499998;11.9585306667;20.794864166650001;5.5621697450047627;0.058510177223804194;0.026399169918515122;28509.411158231826;20201.611156818006;US;NA
9962147;210.224.168.100;226.98372549999999;254.63683750000001;272.95708166650002;272.55442249999999;272.51654416650001;53.171879402573396;0.022922081024319623;42.647337761809062;39090.402067639683;3878.3546291081293;JP;AS
9961884;161.47.7.14;95.383699166699998;95.933937500000013;108.1318335;118.97845599999999;119.8231775;218.34606452973188;0.61083328760207634;0.016428659925710107;8532.7213715332218;17.025498182548382;US;NA
9961264;216.21.13.12;21.565700499999998;17.853859166649997;12.782488166650001;32.949639000000005;26.771638333350001;70.673901064989934;6.6393158360189526;0.21722238490372525;110.88433817486158;1025.9783815655398;US;NA
9961842;104.16.59.133;7.8809616667000002;1.5527966666999999;1.1618593333;6.2177293333000003;14.3123683333;270.75581877653769;0.090361489337594414;0.085383895366946669;10800.901461361313;17037.199426330608;US;NA
9961296;104.20.77.29;6.2981136666999999;1.5895766667;1.1738453333000001;6.4983053333000003;14.424675000000001;23270.251045152683;0.035547706580696531;0.03704297717294007;57.05103970216242;37448.015685554463;US;NA
9962171;141.0.173.22;17.843459666699999;15.091635;14.920119333300001;23.511301;29.079905;10.422061729004513;0.060822780902604297;0.066050085982161999;4228.8032505320871;13618.56599735694;NL;EU
9962055;103.6.0.2;180.04982783349999;244.9212791665;198.52578949999997;269.13285366700001;210.6552616665;31.660698436764594;1.0362975937795176;0.17454394902781664;37.844950990891562;1.7576813168217273;ID;AS
9962149;180.179.112.50;126.245145333;118.067573333;118.307266;155.85871900000001;151.230223333;869.00681225202106;6.0507516546280167;0.079394218480019388;112752.08068306161;11590.940167985233;IN;AS
9961838;81.19.82.10;68.517645833350002;47.507579166650004;47.271493;74.818959000000007;58.613680833350003;7153.452045340061;52.068748666668704;0.31295843474050977;23691.778503206584;10862.757663274593;RU;EU
9961858;104.16.65.178;7.5799056667000002;1.67872;1.2613736667;9.2367376666999998;13.9840366667;1397.1459549801534;0.066056889924015025;0.10589690173267285;6960.9643376784852;0.1222606861180881;US;NA
9962065;173.192.117.80;120.01692;116.075255;123.83765099999999;128.04712966700001;133.40058166700001;285.7978690150174;7.7190986743484888;8.7282957792252578;224.02339474639567;10956.93346405953;US;NA
9961226;172.217.19.131;13.954563;5.8114866666999996;6.0829246667000003;15.0289956667;18.4557133333;596.90443096937759;0.062690974195680357;0.30474635507257192;356.60620698393001;15635.880901026392;US;NA
9962239;104.24.10.2;6.3732493333000004;1.55553583335;1.21127566665;5.7721613332999997;14.07489;12370.715376679049;1.4619713582941376;0.083622673951539064;208.52144809550916;16388.714711650842;US;NA
9961856;23.206.36.133;4.17344116665;1.7057175;1.3655586666500001;15.4165793333;14.582225000000001;4.3900966191204676;0.057265820743471502;0.10352597637437298;274.30148884696871;13818.326830524622;NL;EU
9961317;186.192.90.5;223.36081300000001;195.58835500000001;235.312726;225.432365;233.46042833300001;46.071165299438476;0.27734390042024987;22.524349099834961;136.21730940900892;3917.2211688315879;BR;SA
9961656;123.30.128.195;236.427055333;239.09380333349998;240.2358038335;256.074547333;258.08386916649999;1646.7186331932398;160.9209672134063;70.832768780320507;533.84233240243486;758.15372591811752;VN;AS
9961192;172.217.19.131;13.617411000000001;5.81454;6.0762403333000004;14.881539;18.125795;386.11677283802101;0.051224180302276788;0.15536449244763514;592.23525837197735;2959.4116292796202;US;NA
9961995;2.19.231.10;12.6077463333;1.6753533332999999;1.7205016666999999;20.228356000000002;10.08624;11.610684555676952;0.12531985280365918;0.062209091851301586;162.7413302184865;13296.618865210643;US;NA
9961196;216.58.208.233;6.7207696666999999;1.607245;1.6591083333000001;8.3571220000000004;13.976993333299999;103.69367232722833;0.018471678347608107;0.33566206633948859;90.607654168309622;4337.5254868575612;US;NA
9961808;163.172.21.184;9.40518583335;1.9358658333499998;1.6358484999999998;9.1171861666500007;15.0549575;348.26260115587831;0.045002286829520656;0.029924102988984624;13453.423435112974;81.077045674757571;GB;EU
9961411;54.223.189.245;412.84552250000002;410.11147416649999;344.898751167;190.62826216650001;361.65133000000003;6635.4009780624592;1569.1576265148415;2622.2317025670518;2583.365766740053;2065.6892161865048;CN;AS
9961814;208.93.170.15;147.77564566699999;140.18467166699998;139.35436049999998;148.42114983350001;153.497435;94.646148147157263;0.049964893623716013;0.042778325413891462;37108.137365107119;8698.9164940851915;US;NA
9961993;209.200.152.198;13.528066666699999;10.121015;10.94894333335;14.8948515;21.397856666700001;18.303873871332105;0.038825969681361823;0.016137367118825078;78.235593989426633;27060.774599197481;US;NA
9961860;173.192.117.80;126.0347131665;116.1920583335;123.864015333;130.5491463335;133.25770249999999;1816.17315425422;17.857800202636568;6.2168997279832823;3683.3888832907446;1833.1187788534103;US;NA
9961160;114.134.80.162;201.65277633350001;266.01062250000001;220.705902167;230.77227049999999;242.23519416650001;550.01402173502572;95.865585699318984;197.77219222005198;17596.555735207749;1356.3005713562309;HK;AS
9961244;124.225.65.154;321.4563203335;259.71934916700002;287.54147591649996;253.31934649999999;317.36200583350001;4882.6499202999494;194.56969308811557;564.78510142505183;80248.459567475147;903.93364853547882;CN;AS
9961670;125.6.146.13;223.360556667;240.58652833299999;248.10565;245.34302500000001;220.639578333;13825.636985379382;0.021324556273222495;0.01959583701702345;157.78413022845791;6765.8379756668228;JP;AS
9961541;104.20.24.135;8.3568660000000001;1.5992599999999999;1.1902153333000001;6.1798416666999998;14.356286666700001;31.159163133707274;0.10556488528238626;0.026666517236455925;3576.025352605328;6719.689248557198;US;NA
9961798;207.241.224.2;147.210013667;150.73556416650001;158.69670566650001;160.31939216649999;167.38713916649999;81.705746272831632;0.52494562090511443;2.4264285713420954;494.92209093492198;3515.0699831285892;US;NA
9961218;172.217.19.131;13.575683;5.8290016667;6.1349513333000001;16.922883666699999;18.224029999999999;122.59926379772224;0.04519857998794951;0.37973980953310577;7146.6751582734551;11722.186283083103;US;NA
9962081;113.240.254.10;387.42983750000002;399.46079499999996;333.43990633299995;240.96632008349999;339.36243083299996;2113.7856253219024;3613.2069778999435;3341.0499679379236;495.23656287452917;3554.307184362613;CN;AS
9962169;222.223.239.125;380.49364433300002;404.92314833299997;345.94719466700002;220.472364333;372.16398833300002;2772.6564906320173;2130.2025320941784;1933.224572336939;4329.7836434636456;4133.0403088801349;CN;AS
9961309;104.16.51.93;2.7358726667000002;1.6278966667000001;1.2869703333;9.1202579999999998;14.37542;5.974757743551975;0.096371839523282474;0.10601302367946003;119.54314650494014;6682.1106762899681;US;NA
9961927;203.183.234.2;227.94423749999999;234.49523666650001;254.06692883300002;261.54014849999999;248.726944167;3863.1579027924854;0.063842451671044298;1.7662470439182121;119793.10045406471;2.2256165073282039;JP;AS
9961577;123.103.57.11;315.92339133300004;324.57782250000002;353.61763983349999;271.52287033350001;414.58766125;467.87773909081841;817.95680050469639;879.62330997221454;26903.420981530682;2143.8854952536581;CN;AS
9961854;104.20.75.106;5.8010894999999998;1.58963583335;1.1664661667;6.0884493332999998;14.3494975;77.116244390629774;1.024184469160734;0.23994955961583431;233.85944594649928;28254.507447951972;US;NA
9961973;92.122.19.40;14.442242999999999;9.8530266666999999;9.7318556666999996;16.700675333300001;24.200315;49.169166937787324;0.026021542444314795;0.12743634296880216;215.06671191856859;9510.6601428813901;GB;EU
9962087;72.21.91.8;83.397136666700007;78.918409999999994;85.770337333300006;94.561042333299994;99.326858333299995;18542.443669520311;0.029069001409056664;8.0021787270840328;30757.061043887206;12490.748756096629;US;NA
9961242;124.127.180.200;303.88690933300001;304.98931333299998;369.62089833300001;228.38020533299999;368.46800500000001;12604.907558278181;224.53690650805768;3283.2925492299669;322089.6568389833;6533.7473140332741;CN;AS
9962117;104.20.24.138;9.9841300000000004;1.7977775;1.1221304999999999;12.3920665;14.3978233333;102.61758281984176;0.15182251192107946;0.043272019715989193;32134.717632346667;10487.125934103422;US;NA
9961162;77.88.55.50;49.310218166699997;39.320115000000001;43.330637333300004;55.124746999999999;57.040714999999999;25713.54581416892;0.34254800721740791;0.18139544233129784;121.48526189920803;1574.9902485459452;RU;EU
9961509;69.252.80.75;89.605649999999997;83.139471666700004;79.806548666699996;98.728724;95.402988333300001;529.95508622208877;0.069885735435427185;0.034419723270562898;55934.403705780976;2906.462913637436;US;NA
9962179;170.146.93.56;95.830547166650007;91.930060833349998;94.759381833350005;94.538387166650011;107.19712250000001;31.912535691882756;0.019242242485857743;3.8804501132698919;299.4488120498828;1.8543218915382711;US;NA
9961985;23.200.86.121;13.8190108333;1.5435224999999999;1.8003361667;11.571714499999999;9.875901666699999;380.66061596825989;0.049772493561422049;0.066203792532476421;1092.5166263517895;819.52072366940376;FR;EU
9961307;54.222.60.218;333.44992283350001;323.26377583350001;314.42857166650003;271.55256616650001;321.35303916650003;7665.62827766787;1168.680212392941;114.84012831199371;2979.5988392878403;717.61929677749129;CN;AS
9961911;146.185.29.109;15.117827;8.1417808333499995;9.8174671666500011;17.357059333300001;22.597793333350001;51.837092172110587;0.047727018364491058;14.28084360126279;13864.511309189127;27128.877125154977;GB;EU
9961204;220.243.193.127;27.1777336667;8.7103941666499995;9.8957186666500014;19.780099999999997;23.362422500000001;758.29609920792234;0.078023314645955341;237.50527756600289;713.75937634940021;123.25763804677008;CN;AS
9962025;172.217.16.68;17.3491233333;15.9792383333;16.2615773333;19.892484;25.384080000000001;30.077311402662176;0.070001342990217943;0.03842991926008188;5002.3606890068904;7187.1037843638114;US;NA
9961343;23.206.35.117;7.8199056667000004;1.7067908333499999;1.2542873333500002;8.5717778333500014;14.854330833350001;7834.2926542740315;0.071217974660593972;0.044888779883924312;3106.6198259863545;1115.739157359068;NL;EU
9962226;104.20.81.244;7.1664656666999997;1.6381883333;1.1975910000000001;8.4720656667000007;14.38419;63.811615600045414;0.07838723584047283;0.15293840485857818;208.76386713353924;1516.4813852678055;US;NA
9962031;206.54.181.6;23.678981;16.949218333299999;15.171778;25.505285000000001;27.814608333300001;14.615649928169761;0.063089717772171039;23.72375665284644;3547.3990721887249;2254.4454021823403;US;NA
9961290;68.71.212.186;144.5029406665;140.54227750000001;145.1180231665;152.9702705;158.64914333350001;26646.452063606241;0.024852237824356711;0.058825028081031024;109.95437479464941;23866.470881237514;US;NA
9962141;81.19.72.32;62.371212499999999;51.311196666699999;47.131593833300002;65.390733333349999;60.333960833349998;768.31137635758978;0.078789031872737197;0.074299139809173104;2050.0436724527358;36.861848445847279;RU;EU
9962212;192.187.93.86;145.348637;142.34935916649999;142.9935621665;151.20975849999999;157.6261708335;41.712000112405647;0.032844050509374292;0.072081150285424514;1120.476512565705;1.0696341068542121;US;NA
9961222;192.30.253.112;82.827664499999997;78.940654999999992;79.1013485;97.387923499999999;105.4815208335;244.27748819517748;1.6861529809039513;94.058118471723404;828.60044146596363;1.2446400542385361;US;NA
9961921;104.101.185.194;8.0576019999999993;1.6400216667;1.6464479999999999;17.03053183335;12.524440833349999;2828.0183415487559;0.2571458065160957;0.12956581383391641;35.532750440250581;1399.2347502262385;US;NA
9962259;117.79.92.119;317.63526383300001;301.37767500000001;356.44573683300001;188.76458150000002;259.706075;247.29353653111738;271.26250556589542;2681.3654610244594;2005.4327213326574;2054.9182688440765;CN;AS
9962155;192.33.31.72;9.5262736666999999;1.7178116667000001;1.2037106666999999;9.6158739999999998;23.529235;58.032554910852646;0.031826370712157624;0.043499207465699512;6727.715774867328;14.480008968252902;US;NA
9961959;207.244.80.166;96.575763333349997;81.815400833349997;88.05402983335;93.821074500000009;93.858750000000001;113.8059740581015;0.081453176253007603;42.53161454189047;376.14214671744031;8383.9088748695831;US;NA
9961903;104.16.165.50;7.3472016667000002;1.5362433333000001;1.1661556666999999;8.0284176666999993;14.425825;994.3832142623819;39.924354086739449;0.042454773270765543;73.675464338476331;12088.710457253645;US;NA
9961194;192.0.78.17;16.9159713333;9.7419200000000004;10.575559999999999;24.649220333300001;20.9514666667;39971.401171954371;0.049985833211677072;3.2620094534502844;591.01745919259065;19851.508805274174;US;NA
9961969;104.20.55.43;7.5906580000000003;1.5689466667;1.1754406666999999;7.5911693332999999;13.9405683333;160.96999499784064;0.062627335396308256;0.036772975526899947;33.58015462357055;2.9150875587308929;US;NA
9961945;62.138.116.25;27.265029666699999;16.798819999999999;25.615366000000002;24.498692999999999;32.4041483333;5400.4918716952088;0.21034370070936279;0.070604599468457804;28416.136796368246;19795.543158917768;DE;EU
9962249;199.83.134.216;84.805904999999996;78.981250833350003;103.26116400000001;88.803985833349998;91.87785083335001;145.21909255135807;0.14497689176558087;0.31109722110494165;19221.038049039296;6.1214306956237117;US;NA
9962003;202.102.90.109;390.33390233349996;396.548900833;396.09580400000004;229.65649366700001;405.43197250000003;3758.301493979593;3197.2851134405946;4183.3749244763221;2688.5217082647846;11663.263873465543;CN;AS
9961292;106.120.188.48;312.21279833300002;387.82398666699999;294.34746333300001;198.17450366700001;374.67104833299999;203.10675939704217;1419.8622574734968;1970.1648161440596;39461.528623183411;8172.1538401537819;CN;AS
9961200;220.181.90.20;321.33344049999999;431.64093000000003;258.488787;199.08957583350002;296.33203749999996;6272.6097692280773;1075.4661152429528;438.75667662267966;40431.433576877163;637.70047299859846;CN;AS
9961965;23.248.160.250;291.0198343335;285.05595666650004;288.19585849999999;285.33420100000001;305.6306958335;558.02151590310928;82.295898020241324;179.04517149228627;234.40781809870913;1193.1855890327151;US;NA
9962191;155.64.49.54;142.76418866699998;136.14353333349999;142.765230167;149.01634999999999;151.77700166649998;3470.870292839099;0.030497790457598879;4.7937374442655791;95.803900470744637;9409.9022187087048;US;NA
9961800;104.156.85.64;6.7141136667000003;8.1620766667000009;1.5589883333000001;17.956867666699999;14.7305033333;137.63156312147706;0.70488305546311292;0.032895319021357713;58955.876719861757;4825.9676887904734;US;NA
9961437;64.210.135.134;20.35392416665;12.5806191667;12.65326316665;23.038340666700002;24.679941666650002;12465.658716127899;0.67209745265806486;0.046142677180810845;4404.0895920176845;2478.2965989518088;US;NA
9961715;162.212.41.11;96.7972036667;98.559283333300002;92.557893333300001;108.07810133300001;104.239323333;280.10410714833489;3.4043470723511398;52.084717504826465;4104.0571857729828;6.0604731975155763;US;NA
9961449;192.33.31.56;8.3944980000000005;1.9115716667;1.2240406666999999;8.6737936667;21.04834;35.73871568674727;0.035484989393552685;0.029889279787768404;14482.975278349251;2510.1693197848917;US;NA
9961909;151.101.128.175;7.6764173332999999;9.0808883333000008;1.581526;21.473284333300001;14.3049766667;54.332593174258925;0.0370647548498029;0.32762029164461759;14637.70575041375;15931.466481106658;US;NA
9961590;104.18.41.167;7.5761938333500005;1.5626133333499999;1.17751883335;8.3377936666500005;14.364485833349999;459.01026208220622;0.17277551200024299;0.07503323204361885;218.65454306030406;20535.387484678507;US;NA
9961168;180.149.131.31;386.23265350000003;381.20336166700002;295.80343966700002;206.82986533299999;277.085465;1573.0865757333763;1540.4426815178151;1581.1579779952642;72729.155385472186;673.84797078649478;CN;AS
9961351;200.147.67.142;233.52606283349999;221.44301083300002;224.69331633299998;239.61348783349999;237.86554583349999;1473.5163846139228;239.14348019684974;246.53359798783677;1657.0267162473276;238.61790770226088;BR;SA
9962133;91.195.49.131;28.5596216667;9.760135;22.420203333300002;28.627973999999998;27.033916666700001;3726.8643908547842;0.12380897951075474;0.099112176089632034;1986.127247015256;33.052149921493061;DE;EU
9961250;106.120.151.169;328.20588983300001;300.15894500000002;365.07725200000004;183.50365283349998;302.66247416700003;188.44363138357647;333.85478366952219;2906.9047972592148;2207.8828088069499;728.5608553557505;CN;AS
9961313;27.133.208.13;221.40254033299999;215.45763499999998;266.35119216650003;240.2839525;235.28750000000002;123.59092710757547;350.69601476727377;5.3176131946298462;357.05966238795128;0.21656442524960745;JP;AS
9962173;140.205.170.62;333.43981033299997;314.64450166699999;277.96325116649996;187.63459766699998;292.88456583350001;23506.934519242241;585.45576541354092;735.3357044828166;62.455255733396029;236.39168351739053;CN;AS
9962281;199.182.216.166;156.84483166699999;151.28024333299999;146.41549566699999;156.07529533300001;164.364418333;8041.8843044779796;0.044913523209479111;1.2164175211937778;135.39329483661942;20062.330109246508;CA;NA
9961570;220.243.193.127;27.236101666700002;8.7206799999999998;9.8293909999999993;19.177219999999998;23.124058333299999;4086.5136144323933;0.075011749895795315;15.370834523460088;31435.258234600657;4391.8495570714713;CN;AS
9962151;54.230.197.250;17.495811333300001;8.7574066666999997;9.2734373333000004;14.943491;21.291709999999998;8127.1021425668378;0.029273581288787352;0.019935594026603411;73.831809521768719;15647.258754839353;US;NA
9961790;209.102.213.14;119.3086961665;112.06714583350001;114.6342133335;119.4450161665;123.324369167;32.290488228587201;1.5662196316987866;7.279453010018285;2520.5499577360611;12504.079804143641;US;NA
9962241;104.20.43.155;9.5923221666499998;1.69958416665;1.242926;7.6099855000000005;14.32639;1254.1696028476033;0.096070807868825214;0.027967145788502405;250.96011271309624;14259.226055541574;US;NA
9962255;151.101.16.144;14.7128356667;7.9355233332999999;8.3411246667000007;31.991046666700001;22.716898333300001;623.28508575328681;0.63585144998653209;0.19780380058628932;32422.729530241111;19768.294124062755;US;NA
9961432;104.156.81.217;8.1879059999999999;8.0706666666999993;1.5150253333000001;17.283587666700001;14.731936666699999;390.80668762853412;0.014923424829060387;0.010137710077943084;4239.9066247189967;1876.6396122665856;US;NA
9961406;203.209.152.60;252.804147;227.52019250000001;267.2369853335;255.54680316650001;226.4711391665;82.478681226431718;0.13540195628261628;1.6395646040387712;34238.024714574545;354.25125222367126;JP;AS
9962269;87.250.255.11;45.972233500000002;39.304455000000004;43.428351666650002;64.642316999999991;61.156614166650002;71763.735088550224;0.10980118578400132;20.499716746335494;489.5310161066347;3.3151828471023546;RU;EU
9961152;183.79.135.206;240.85624033300002;280.57339999999999;256.668431333;255.55358766649999;249.22193916700002;1772.3676245098975;0.295626342338912;0.069041080306250627;7372.128348031757;13.892636109536159;JP;AS
9962039;209.225.49.78;84.071696666700007;79.361098333300006;89.894399000000007;83.071248666700001;92.061493333300007;5728.3976073773583;0.052332413712701323;0.25867351375981668;223.71689355835113;15242.117802691826;AR;SA
9961876;61.129.65.103;386.81338983349997;403.35482500000001;384.91302008349999;229.47524633350002;347.31268833349998;18512.136652785652;1112.2784442739965;2671.7706229294708;3682.0820173861516;3199.3366883908534;CN;AS
9962109;81.17.22.114;27.583237666700001;20.13231;18.9970356667;34.449415000000002;32.540044999999999;22.476665418251301;0.11109817902843565;51.558100780642569;628.07902279615143;2.5705037759265781;CH;EU
9962005;104.93.248.186;14.621827166700001;1.9406233333;1.70598566665;26.29325316665;9.7769366666500002;1155.0396015580227;0.063876015647560513;0.069089153293963201;348.16868000360324;6233.414099508208;US;NA
9961627;185.31.26.232;49.604105666700001;29.292840833349999;34.167189;48.33306566665;68.725339999999989;169.08262361913302;1.5936576081711802;0.15757037733707088;159.44761885251381;0.93030333195340409;PL;EU
9961776;182.253.238.102;210.82743449999998;255.58927416699999;207.51050616700002;185.12976483349999;222.62096666650001;203.44525849722126;43.333571889652703;27.845221582961255;210315.81372919423;1609.6480230868717;ID;AS
9961750;59.151.116.98;268.78584599999999;314.59220166649999;316.44570433349998;414.5853635835;382.04470749999996;15419.460029914704;72.584214715400662;897.52175062868866;3439.8470956582214;3016.727991074998;CN;AS
9961228;216.58.211.105;19.646211999999998;12.982089999999999;13.4003696667;12.6371866667;22.054725000000001;330.70551205351114;0.044662760532810847;0.03380889041950997;396.46522019088854;1.4273364584074446;US;NA
9961254;199.181.131.249;145.54742099999999;140.90299333349998;145.02883616650001;158.21955183349999;156.479724167;751.9554899192982;0.050754838736185012;0.13074887487320444;177.86878716768638;0.12526202209558504;US;NA
9961280;216.18.168.1;16.133378666700001;10.80485;9.7947179999999996;18.147075333299998;19.557808333299999;10098.713222126536;0.061728195303220712;1.9860003268329387;2241.6944388369084;0.25081523457643273;US;NA
9962237;104.27.168.11;7.9964180000000002;1.5788549999999999;1.1406176667000001;6.7568656667000004;14.1520616667;5479.8950595252372;0.11881858122145635;0.021044796771065872;117.99688546282457;6600.2264957708139;US;NA
9961888;54.251.103.25;156.7781433335;275.31931499999996;181.73785866700001;188.83767;177.39534750000001;60.500380049052055;620.11925271281245;11.218429466576614;432.83983200961683;599.16289981184605;SG;AS
9961619;74.125.71.160;11.610882333299999;5.8136200000000002;6.0936903332999997;14.1775386667;18.4823383333;98.78896957624606;0.050768604601831011;0.10568559446294316;6600.3444980391905;9120.291824850281;US;NA
9961897;68.233.77.233;103.510165;96.344498333350003;96.667435666700001;107.951637667;104.17768749999999;19195.488020450543;0.093211040629596717;0.15888975922463131;10938.082627309128;3746.139078443432;US;NA
9961536;54.235.145.223;85.266705333349989;80.064779999999999;80.009073999999998;84.993681166650006;95.629481666700002;377.02915000749562;0.012515778134956811;0.13934751501500497;281.38561298330478;19410.218546193111;US;NA
9962253;178.236.137.157;58.665995500000001;43.521479999999997;41.652192666700003;49.706250333299998;57.301336666700003;15182.64964236913;0.053633466731526989;0.041244123791467545;82877.010463743689;9038.3214280884313;GB;EU
9961294;223.223.182.210;345.35174949999998;325.68990416700001;322.84106533300002;275.007159333;318.57450249999999;47.059096804873029;1078.3269867309543;252.91464864028583;55930.583351343106;3741.8210009151489;CN;AS
9962295;49.129.31.76;241.933616;246.51514833300001;286.32288366699999;269.21810199999999;267.73958833299997;401.31145539943373;0.13728572422431443;2189.4870654495135;234.38652838486567;59.381052903338862;JP;AS
9962041;72.52.8.197;15.2669471667;10.222590833350001;11.159848499999999;16.811139333299998;21.380525833349999;43.926558115384758;0.097655955470837497;0.01914840008697544;53.775457289835614;8524.8949668401965;US;NA
9961784;66.155.40.250;174.0832348335;139.85621916650001;144.95351316699998;154.12508716650001;169.66781416700002;25.152048150374021;0.012735713351781383;18.942799097167242;108.78959344808942;12794.566868110618;US;NA
