mesurement id;Destination;mean(min RTT) from mPlane;mean(min RTT) from FranceIX;mean(min RTT) from LISP-Lab;variance from mPlane;variance from FranceIX;variance from LISP-Lab
5276771;194.132.198.165;10.228422197640118;13.017182837758112;26.746960988200588;2.6642598533719406;1.6597156491321832;18.875518516559861
5276769;104.20.24.135;1.8794171319018405;1.122092726993865;24.263401012269938;0.060483355099672793;0.19072832454665251;10.660695538061857
5277295;77.88.55.55;39.683177448377577;40.92946281710914;62.045006312684357;10.641646527993563;0.53493139209920548;10.723552383042303
5276493;151.101.60.193;9.9880767404129802;9.0399861946902647;37.471604056047198;0.10149087734284118;0.016210345548988644;14.018186174882294
5276422;98.139.183.24;83.947777935103247;107.8269335958702;117.17833154867255;3.7871103663519308;37.46323515857447;197.37020084434891
5277415;69.89.74.80;173.403146559633;140.69336207951071;178.83535186544341;14.036989086427688;122.44058649601043;60.133988338845292
5277267;104.24.4.33;1.8518679941002949;1.0834491887905604;24.291045176991151;0.15637012324627134;0.6033308379562653;11.010401439844363
5276968;119.147.114.19;333.95804136085627;285.74787270948013;298.94381516819573;1174.8985254240947;554.28769668666041;1750.244170186571
5277287;42.121.252.58;417.95245789377293;355.67221472161174;330.1575528754579;308.07058333088224;2211.9916202932468;110.01649988688398
5276998;104.16.65.178;1.9534310619469026;1.0873741297935102;23.98871237463127;0.23174191735314953;0.011231679112171943;11.556984137377473
5276489;192.0.78.17;13.779800742424243;11.337110381818182;23.275142303030304;0.11210944502225186;0.015799043513557248;11.037537290625453
5277384;192.0.78.24;16.469365073746314;11.303488684365782;22.677825058997051;0.10035253754298874;0.016731778269366452;9.5615337703073706
5276794;104.16.52.162;1.91463703539823;1.0482994808259587;24.187152625368729;0.10607382878538518;0.0066824934376537625;10.520670795552695
5277199;151.101.65.52;8.3163985250737458;10.692290946902654;23.781777536873154;0.053047511017736131;1.1840426929399499;10.984085329628963
5277337;104.197.47.161;104.7686753097345;103.09497585250739;127.32141818584071;16.761797232642014;36.706530536223951;35.503549782748685
5277113;104.20.55.43;1.9739179203539823;1.0781705575221239;24.278853348082599;0.11313888595518837;0.0095832586210431499;11.183266022822494
5277423;104.20.43.155;1.9681000442477876;1.0694845545722713;24.338320648967553;0.36564430720965874;0.012423887339757347;10.05603984877126
5276610;106.120.188.48;335.27703690332328;286.19645182779459;260.81307651057404;213.59922155570223;558.58285668036183;901.33924868751672
5276838;62.153.159.92;14.662911997041423;15.467600615384615;29.087656316568044;0.72839789225229878;0.020374188372775156;11.239479643447009
5277455;192.16.31.23;80.168452699115051;78.946702932153386;110.17526215339234;0.13749577872789179;2.3585046134181868;14.065333926102449
5276656;172.217.19.131;1.944532232415902;1.2565663730886851;25.900771712538226;0.10662298394471052;0.015538277620288938;9.6132845933271884
5277303;172.217.19.131;1.9325961076923075;1.2601487600000001;25.799625938461542;0.063702181997080706;0.010388898640865476;11.99901477697858
5277297;209.15.209.70;99.30151378834357;114.77210987423314;124.47308363496933;2.162844412116093;17.306310099631297;38.010321641906948
5276584;193.51.224.177;1.4076009480122325;7.9371287645259931;15.340426574923548;0.065076462128459064;0.89645938523548263;10.579618504032917
5277380;203.66.53.8;269.2277416666667;287.67760121828906;295.07327862831858;7.6160395006397703;60.863262467308971;132.26824388516118
5277176;68.71.222.16;141.24764418711658;152.82448947239263;160.83759785276075;0.064743429154017276;2.8768566228402386;10.810256213999534
5276727;69.147.76.173;83.942329188790552;103.79287497935103;111.01374287610618;2.5716178702351091;43.612125193251458;15.89342156991953
5276606;125.6.149.67;246.89609104719764;272.27883643952805;275.63467949852509;0.07468966145841649;1.1304579126752929;40.378951645407568
5277360;140.205.170.62;379.16598537383175;369.50584240186919;365.56654029595012;2369.2779659522312;2641.0093309288191;431.81745863767452
5277162;151.101.129.34;8.7187576299694189;10.901108073394495;23.776716880733943;0.051819172998282079;1.0505351946148569;10.364384092314278
5276826;91.198.174.192;12.173581636085627;13.964878666666667;33.030487385321102;1.7667463819408247;0.11436755439735374;12.61225796650425
5276439;183.79.135.206;274.44518998480243;257.97064525835867;287.55419302431613;110.85785582962407;6.0914821200513689;29.160478566652468
5276749;172.217.20.41;2.1623309292035402;1.7102198348082593;25.584909085545718;1.3324978523350512;1.1485120982186157;9.6455339873947405
5276784;151.101.32.68;80.934562366863915;78.872956606508879;108.56304918639053;34.767253371309643;0.07478682353871198;16.609915749661546
5277275;138.101.8.100;203.67035576923075;242.92007754437867;284.94383989644973;13.14209578992455;6.3684108645989426;30.924992941915871
5276994;104.20.75.106;1.8324333579881653;1.0396588431952662;24.115485340236688;0.064025904134655851;0.0079048514931322148;10.038775344186941
5276878;104.16.108.24;1.9056226253687314;1.0913859970501474;24.538826828908554;0.10615557015520186;0.013737927766439516;37.191783143891051
5277475;23.3.152.175;1.8911016666666665;2.1069770943952806;34.099615383480831;0.7487450880384463;0.026656058886781651;28.77029245152935
5276634;172.217.19.131;1.9393943865030674;1.2867691288343559;25.444602285276069;0.034644890182752457;0.012637940316922053;8.3628519610554353
5276739;172.217.19.131;1.9187762730061351;1.281930282208589;25.641644463190179;0.024194163415020554;0.012280072436908087;9.3089239001961062
5277245;74.125.71.94;6.5513211196319014;6.2834522024539874;27.094156993865031;0.036491451366767888;0.061038436253302582;9.2454774486055324
5276914;172.217.19.131;1.8542062121212122;1.2492321545454546;25.760118090909092;0.064827076587924706;0.0075683222331003591;10.148720856278933
5276798;104.18.41.167;1.7806646017699119;1.1492641710914453;24.477910899705016;0.053809156323366483;0.016233231433268661;38.008302381908408
5276608;68.71.212.186;141.23967262195123;144.26746422865853;160.69705009146344;0.039159787785808135;1.6650455697245299;10.144633091871791
5277190;119.254.11.66;357.81502146788989;303.93001433944954;278.36016808868499;1455.8612614252079;1365.3825442688747;1605.8104483182265
5277174;212.27.48.10;2.0794118654434248;1.270991513761468;18.596189418960247;0.05847407231288098;0.013046106569118313;29.113284244250885
5276531;208.82.237.129;79.106489247787607;79.915400979351034;98.332587182890862;0.06311054363549605;0.051067037166509635;10.554179150468538
5277052;172.217.19.131;1.8976394545454545;1.2486799575757577;25.694029575757575;0.06046112732455098;0.0087419251999254714;10.260860615721944
5277135;91.216.63.240;17.27166231563422;30.010572424778761;47.679280029498528;0.11706941886654051;1.8193190817472584;15.772147816610476
5276416;172.217.16.78;1.8929184756097561;1.5982765091463413;26.202577835365858;0.03641340546200552;0.015576216034957232;40.239938151521685
5276743;104.23.197.8;1.8374943445121954;1.0787456493902439;24.234802865853659;0.055956996746597779;0.01492506176670939;10.502017762739042
5277207;104.28.27.209;1.9978356269113149;1.1131905688073396;24.204725963302753;0.086969478202435724;0.013433682729578601;11.039871914165664
5276812;213.180.141.140;37.413874049079759;42.106004245398772;49.464055628834352;0.092142581373788973;0.33987418962419752;9.722349032745079
5276898;172.217.19.131;1.9449632317073171;1.2496368810975609;25.460932210365854;0.086292820401141432;0.008105558834677935;9.6053503626543346
5276729;104.20.93.127;2.0179105368098158;1.1237890030674849;24.273890276073619;0.093002390676935762;0.011908069538315939;10.84760670116296
5277477;49.129.31.76;262.06962693251535;286.71198213803677;286.32935550613496;49.708384958526779;28.980674445016032;25.859386387533547
5276908;198.134.112.232;84.116645412844036;77.984165143730891;105.10376978593271;0.031629218744707047;22.625608636738399;13.780070352811887
5277374;216.35.221.76;88.107830567484655;92.404325098159504;103.89670937116563;0.51701353676953976;8.3236822746590384;39.464962734134652
5276600;123.126.99.31;389.84380680981593;376.28938396319018;403.48359473926382;3618.2080675656557;1683.6486915125649;2853.7687998513984
5277103;207.244.80.166;82.808709926253684;85.40063461651917;112.15731443952804;8.933575324407883;10.569557256298664;24.299018649890844
5276598;172.217.19.131;1.9511117125382265;1.2791775626911315;25.832983180428137;0.57256655848483473;0.0086416989962460698;9.8733309519157242
5277056;104.20.69.204;1.8158649847560975;1.1130677560975608;24.200445365853657;0.25512380956288089;0.012820614661556365;11.626019149760538
5277441;117.79.92.119;365.34312780564267;270.72979079937301;261.21910043887146;2203.0476663449131;594.27261275430953;578.78219264792881
5277323;222.223.239.125;345.22459490881459;325.60593926443767;308.98207434650453;2234.0426059058263;885.1482745357763;3130.1572217259736
5277090;104.96.26.164;1.9331343362831854;1.2379934483775812;35.189459203539826;0.096693366011580115;0.013014124743627866;25.129576256999073
5276525;184.173.147.39;80.219915929203538;86.468800383480826;102.51085104719765;1.1770096401903607;2.828286690611642;18.238884652457234
5277368;74.50.63.27;110.40828216463413;112.3885044237805;129.62357336890247;0.030499534007204662;6.5637151694111457;13.652904329893154
5276474;104.244.42.5;13.646322201834861;15.92089255351682;23.071851116207952;176.96054486687038;0.21541834007142144;9.3649665877329298
5276890;208.85.40.20;151.12972349085365;166.07007542682928;166.24207612804878;16.072653160799629;35.950294274180244;24.479476795580119
5276894;104.20.30.112;2.0286193362831857;1.1331548672566372;24.043880634218286;0.99268319090081314;0.32078457244708258;9.6539027407790226
5276604;172.217.19.131;1.9643383231707316;1.279771625;25.815410564024393;0.18714685782417004;0.011275195898319742;11.757068513208143
5276932;192.161.154.1;80.737312050147494;80.754091336283182;99.628369483775813;24.85089098289734;0.77467227663383986;41.142709036291841
5276852;212.77.98.9;37.111204233128838;36.864491607361963;49.452064616564428;0.41699149283254067;0.026202308878465447;14.630565081476004
5276986;79.175.144.35;131.69689092879256;134.97568916718268;189.8317678482972;199.27273664001646;181.61960251688021;283.63657096448242
5277157;202.80.220.213;321.45756467455618;228.96099866863906;235.63776321005915;139.3349526227193;153.21018847142315;138.36949301011683
5277086;74.112.185.90;162.84328839762611;144.90663591394659;167.19489646884273;0.077855754720874373;1.2103458607936164;29.651606950458902
5277168;67.196.156.65;91.536793466076702;88.012099982300882;114.8583452359882;5.5410765843621022;0.39099431248258931;18.468174616154517
5277327;140.205.170.62;380.61106510869564;368.69268527018636;365.4801345031056;2402.2071152113467;2947.9337506422885;402.14316340047225
5276870;119.28.48.239;273.48262969604866;214.08394524620061;228.08436033434654;24.60702290678411;38.811629235699691;63.618674795227996
5277315;103.10.4.216;257.15924866153847;331.73491525538464;303.51217656923075;87.364034321210013;1427.9928789664875;915.1867804923188
5276988;104.16.11.250;1.9117258409785933;1.0847861009174311;24.440988669724771;0.13160860535946095;0.016118381139778808;10.159767297264514
5277449;37.58.17.122;59.238503654434254;60.219693837920481;65.760119969418952;13.266833846364245;31.905893796654382;30.406118225194039
5277376;210.139.248.1;235.065531460177;232.62121016814163;248.25786789085544;1.1823741545758177;58.571450233887319;106.29800131771009
5276996;23.206.36.133;1.5936095592705168;1.1429393890577508;16.117669711246201;0.062699520849729753;0.019303692444024929;70.300931436910773
5276592;172.217.19.131;1.9520192791411044;1.2018599693251535;26.207801303680981;0.33113930043575335;0.0051408153252199178;39.421215162828894
5277062;104.31.72.239;1.9581064306784661;1.089544412979351;24.079057153392334;0.10774885172870537;0.011351647055569862;9.2714216488555383
5277421;104.24.10.2;1.8732929941002952;1.0714841032448377;23.978152448377582;0.19366145521470796;0.010142454615797599;10.113050672217454
5276586;192.150.16.117;121.41348809734514;119.86704767551622;135.92987834808258;0.10535556430589291;2.7707765592522073;12.946966676333698
5276980;148.251.77.209;24.622763097345135;21.968711312684366;29.399901017699115;19.008292432524335;0.065504297126014341;12.575080756761869
5276810;184.51.148.152;1.5639908435582823;1.8904234570552148;30.443997484662574;0.03369052918356754;0.65594059206662236;58.872762592528026
5277016;61.129.65.103;377.78034810606061;297.03783529393939;319.91672739393942;502.59085921115172;1073.5351402316076;2935.0773887650626
5277139;2.19.231.10;1.6810435276073619;1.7465050521472392;18.130423420245396;0.036019493598445557;0.0698976526258899;13.680079782853715
5276753;82.165.230.17;8.743401905487806;8.6517842713414623;24.636957027439024;0.26491514768836605;0.028902662863142834;10.322760920215174
5276950;137.254.120.50;116.70743957055214;157.53015821779138;138.14885273006135;0.030792301784017911;183.7563217421189;107.94224621717676
5277197;120.134.33.10;338.16532604790422;298.85006390419164;323.33911040419167;256.86369313424291;354.72624817024297;244.62688792879251
5277129;23.200.86.121;1.5307926253687314;1.7462226666666665;15.779128141592919;0.054258800061249023;0.013228218852428713;10.881777480898757
5276916;74.115.50.109;154.40650809815952;148.5148819570552;179.97713895705522;8.9444321950617223;27.783904064523878;31.67339343284323
5277084;104.16.32.27;1.967872599388379;1.0827513761467888;24.351340152905198;0.095229071297983234;0.017196174838032829;10.585722021542484
5276479;140.205.94.193;402.22724970125785;354.93214445283019;387.15182985849054;2491.6958530349161;2336.195135023906;335.4728336734558
5276940;144.160.155.43;151.60903266961654;157.57788033038346;171.40194243362831;11.302621291235424;11.618855765565002;65.470358306671571
5276469;172.217.19.131;1.9307523312883434;1.2431972546012271;25.763471334355827;0.023530492842417854;0.011309189323981192;9.1686650713398592
5276638;42.236.9.70;388.42013106481477;401.11575414814808;416.78173013888886;3354.3590366443173;1538.9826188521911;1513.5844049169305
5276646;192.147.0.123;79.083175589970494;74.670883693215345;99.176080294985255;31.445900658795228;0.10927609781139289;19.304589955941207
5276924;216.34.181.60;99.779066224188796;109.38894591740413;121.10072617994101;88.306956489904778;15.650861951420142;53.460215063094488
5276442;108.174.10.10;78.731840678466085;89.129889943952804;98.155766061946906;0.11136788792579344;27.933637809930893;12.236369983446217
5276418;69.171.230.68;158.51616155786351;135.91550158456974;158.73994600890208;1.9306659282983909;5.2803396818769093;19.824977451778508
5276624;54.222.60.218;294.78014779141103;371.57766492944785;389.45678567484657;194.32206273942705;2332.6098666072994;327.11106401876066
5277147;202.102.90.109;348.1915112724551;316.96548984431138;320.94915453592819;1932.0771458509289;678.81157545020972;1453.9678346372368
5277164;69.196.244.99;79.513611224188793;80.279609908554562;98.603316799410024;0.090591598576008903;0.54985200038869642;11.498152658053694
5277080;46.245.163.1;58.768944940828398;64.114299775147941;68.157071183431952;82.786916791136534;4.7088326526495301;43.717675422800369
5277193;5.135.203.40;11.276042418879056;10.952651587020648;27.812168687315634;0.30404848125108125;0.07403501319833089;42.271351497618248
5276549;106.120.151.169;293.93155012048197;274.38707425000001;277.79051984939758;178.19433449047;448.01421533890385;505.70859792959089
5277467;92.62.130.180;50.848731307692319;46.760902344615381;76.03877238461537;22.057216566094063;0.31412742706917357;17.563223816211622
5277281;210.189.86.12;236.95212384955749;233.0113463539823;272.61974517699116;48.821373101237462;34.614941554793454;29.677377782181225
5277145;52.197.170.122;259.61787202453985;253.98675632515338;291.08035274539878;6.3535550969679928;8.8538971458972462;182.31686579867784
5276918;104.156.81.84;8.7006711314984724;10.723840269113149;23.595070412844038;0.043353665340157034;0.9405951681274809;10.587472637243026
5276662;104.94.192.167;1.9186954740061162;1.1483461804281345;35.004624220183487;0.1587541805441943;0.0047105483590224899;24.623798918865678
5276652;104.16.56.23;2.0059714454277286;1.0911756637168142;24.143529616519174;0.083426329563249968;0.010926344522341192;17.01061455339558
5277243;216.58.211.105;1.9296770030581039;1.7435412844036697;26.028771422018348;0.12944995794377065;0.016200424935977221;39.957420904927865
5277255;220.243.193.127;9.034503510324484;9.2252308082595871;23.303339292035396;0.052290386240037505;0.039998784590213984;9.7044403793919791
5276723;172.217.19.131;1.8996285474006116;1.2633632782874618;25.894619480122323;0.10552209480469421;0.010986513854806347;11.846533261818996
5276806;103.25.22.168;310.70899871559629;355.83707982874614;282.12123180428136;1426.7768119842615;1018.300015446983;364.45477830412977
5276632;96.43.149.26;78.84680803353659;91.47439824085366;98.204207439024401;0.025144732942550724;10.106717590520597;12.844874663521795
5276814;74.125.71.160;6.6116389675516221;6.2590561504424773;26.971677699115045;0.12143590993654467;0.030396729572180915;10.251456634485267
5276759;54.230.197.162;11.707001430678467;13.159603592920353;32.773090855457227;0.34400525365717149;0.018215041829244313;11.064520371067113
5276570;104.156.81.194;8.764201349693252;10.741844411042944;23.997844739263805;0.021776477703853173;0.99932692151210711;10.689716559766113
5276864;23.200.87.140;1.6513031120943953;1.5668263451327433;15.775915855457228;0.085629104524606911;0.025176040755110971;10.40413865254337
5276420;111.13.101.208;232.37354485207103;199.66035142899409;220.13204390532547;25.62896972415988;187.97185605798856;421.42787196432164
5277409;104.20.81.244;1.885815;1.0760790946745562;24.325332588757401;0.14262872431198226;0.012188799646849024;9.4995196028592002
5276970;104.16.50.136;1.8996803687315635;1.082214705014749;24.417621430678466;0.070767307667784385;0.016769510048384961;14.156137018781656
5277026;37.9.239.32;19.936468323170729;40.400858478658535;39.527382774390247;30.68786775307813;0.022709798637719054;14.010424320264251
5277293;81.19.72.32;57.208842846607659;50.939382578171092;62.258235162241888;0.12437162145819476;162.49179238145575;10.496808037716713
5276972;159.226.6.133;289.99151430678467;290.43431405899702;330.13369498525071;885.45399091669992;81.83003608190792;73.770181585048462
5276775;104.24.3.15;1.9765852140672782;1.1089896207951071;24.047444449541285;0.64929512543527523;0.012722505511917368;10.283103129121409
5276472;104.156.85.84;9.0847301666666667;10.863361345454546;23.957809166666667;0.019615735892017684;1.2116785824377592;10.838336353377713
5276836;212.97.32.174;17.85577907294833;16.742837826747721;27.709040486322191;0.087146804056511359;0.59720776403366893;11.196611177482895
5277178;206.54.181.6;16.760904067278286;12.613155519877678;29.71628139143731;0.062436929663579603;0.022213523175815358;12.77392567599462
5277180;104.24.7.4;1.9820196483180428;1.0865914373088683;24.640850718654434;0.19562237938879068;0.010279294643438731;42.48547715057218
5276952;104.31.83.13;1.939777324159021;1.0821940336391436;24.154421773700303;0.1267362501101946;0.010837603432638012;10.354509110210769
5277219;194.50.69.124;9.7436409785932714;14.419626519877674;30.896874877675842;0.044279697213109627;0.42732329619051873;11.488939303838823
5276938;104.156.85.64;8.7430997859327224;10.92965980733945;24.075537003058106;0.014124057462492404;1.0310599951721617;11.207465781581233
5276962;52.207.3.146;79.298582654867246;79.87563182300886;104.88304091445428;1.4219236650852813;0.39182232782972121;62.971918698413909
5276590;216.18.168.1;18.099408510324484;11.301506200589971;32.688773539823011;1.0728167827794177;0.013264865285192811;70.203979101379787
5277119;54.83.2.218;79.15030362426036;81.208372597633144;105.48206999999999;0.060394939030577674;11.05035999683256;18.142587927814198
5277117;92.122.19.40;8.5984899079754609;9.119749895705521;31.244396779141105;0.59176598527008362;0.073295260427946166;16.648878823551591
5277105;78.140.188.189;16.870148012232413;12.788735308868501;29.599387507645261;0.14278668945445847;0.014848148156990223;9.9223835592735288
5276846;182.253.224.184;261.47517458702072;202.07032828318583;225.96206843657816;0.25568001587770672;0.79921768002384452;30.32941674424108
5276900;77.75.79.53;19.041909801223241;18.213430137614679;32.49827119266056;0.067292552377254053;0.018205092641262431;9.4678771092979641
5276954;208.93.170.15;147.19870613149848;145.21329128746177;166.6558012079511;0.026827344494132332;119.95565606662898;10.470174068310691
5277241;104.16.15.190;1.9021441297935104;1.0876531238938054;24.266013274336284;0.093261084713033293;0.011400096796055447;9.9239997641209889
5277004;23.205.220.82;16.874608944954129;16.43631774006116;38.307564418960247;0.16052374794024774;8.5624620611411721;47.749943619016641
5276551;88.208.18.30;12.99165053030303;10.31310366969697;31.169500030303027;0.05451010161388542;0.038096110329184828;19.062514499481818
5277305;54.230.197.250;11.629729553846154;14.272721415384613;33.328298676923076;0.18178535412849328;1.8601425516717938;51.83627192856671
5276650;124.95.181.184;306.5895594871796;387.91715726495727;372.04553111111113;156.31459593689672;1686.102699351004;324.96857440797737
5277386;81.171.123.200;18.522350058997052;35.482486233038351;44.086744026548672;8.1449190157964573;3.4728522346790167;20.085054360735779
5277028;54.251.103.25;245.79987646341468;194.98828657317074;221.24086423780486;5.4079095682807843;0.88701614242778615;78.840984088290583
5276872;58.68.250.146;394.37986125748506;301.58105582634732;276.78592208083836;15.293456263131207;160.66477343019389;397.20627095905792
5276505;52.41.146.181;154.18453347633135;144.27201547633135;176.7207671005917;0.4737495015601782;14.58946469359811;165.89394206870625
5277325;141.0.173.22;14.334918687315636;11.740946194690267;29.608292433628321;0.085453886673866788;0.33517090721550191;47.103784550993119
5277203;103.6.0.2;265.75194899408285;201.60575675147928;222.68455928994086;2.3886539288299082;17.976216082371863;39.877066570717986
5277251;124.153.64.100;108.83122334808257;112.13003284365782;140.11979936578172;1.1120368275003683;0.099413059492497652;22.413273265804978
5277107;59.106.194.19;262.41945949386502;253.88949372392636;283.94650972392634;5.9953115225944513;30.847872136001737;13.516946771447001
5276808;107.154.110.40;97.826901946902652;98.574048058997064;164.70944250737466;6.3730506259096318;16.410463595319065;8.9974346001888481
5277427;104.16.4.13;1.9929480383480824;1.0766630560471975;24.426605058997048;0.19161360894976553;0.011787061682182697;17.084390248952801
5276487;172.217.19.131;1.9476916360856267;1.2724410061162079;25.691982859327222;0.04950739956437214;0.010780894295168158;8.711067373649545
5277201;194.158.2.5;1.263160137614679;22.115866896024464;38.693190886850154;0.049926135507702751;0.4760922106796221;25.641927532759912
5276701;151.101.65.69;8.6671797085889555;10.927116156441718;23.848459432515334;0.018727720174685016;1.1208958185721445;11.145265914496534
5276765;54.235.145.223;79.33464454277285;86.419729460176995;105.85865410029497;0.057019234279953063;1.0404372031219005;11.577829327150296
5276444;54.236.213.89;78.872543516819576;79.376563275229344;104.56019363914372;0.072324464199558389;0.44027244847819902;16.982150948436299
5277036;68.233.77.233;96.229171314984697;105.38307578899081;135.16958142201835;34.486472216298729;36.162833985061916;34.419000350023744
5276719;104.20.29.48;1.7867840729483282;1.0812689604863222;23.98220898176292;0.082750603244505325;0.019889555930974124;8.8940523007420484
5277205;216.251.127.130;147.23272055045871;158.94832365749232;164.93875626911316;0.50563003806957418;43.709262734464055;10.311985280271243
5276707;104.156.81.217;8.3461843067846626;10.624020327433628;24.313723834808261;0.052243007103870497;1.0542574198453765;11.669310551042964
5276648;123.126.98.150;391.14722611111114;368.38122875308642;404.28425799382717;3077.5999844526054;2247.2157804427184;2652.5870791910543
5276612;223.223.182.210;379.87522680511182;365.85273725878596;281.33913996805114;3240.3859655755937;1885.7336705340178;85.288242351941079
5277211;75.98.93.51;155.82718315634216;158.44407155457228;184.2178707817109;20.008114993299188;11.86046102539785;9.9906995755627328
5276579;172.217.19.131;1.937799159021407;1.2512175412844038;26.09376266055046;0.065538126095240776;0.01395481240673759;34.446618698457137
5276436;172.217.19.131;1.9395822865853658;1.2115958475609758;25.678645396341459;0.046391232628460552;0.0057259375388974947;10.527205414339935
5277074;54.230.197.112;11.638489410029498;14.693779640117993;32.804267876106195;0.25721008408165791;1.8725015146471979;13.629352686391799
5276602;110.76.19.33;352.43774049844239;291.81116174143301;381.26358129283489;1367.1315612881017;637.55404685051735;2008.7890049806067
5276942;172.217.19.131;1.8949592813455658;1.2744703180428134;25.888218562691133;0.068093642943749588;0.010839263205745943;12.037550382547018
5276673;172.217.19.142;1.9046448932926832;1.4068788993902439;25.303319832317069;0.030105487476589223;0.009591339115425852;9.7219258240800777
5277050;151.101.128.175;8.6748006116207943;10.852122229357798;24.070353883792045;0.035076203093968437;1.1607993345927026;11.73656926544424
5276958;46.20.153.2;71.799178554572265;64.233056831858406;69.259710398230084;24.525646109866937;29.611753009329885;41.235008049862152
5277093;69.89.69.99;161.1538539296636;141.09352596941895;178.74384493883792;76.58447113284825;108.50457605310012;100.16473306586788
5277022;66.235.120.94;78.787700324483779;79.528495277286126;98.068455457227145;0.1077257550531394;0.01426338568729181;9.9508181378867384
5276956;101.201.172.229;304.41364493808049;285.83307244272447;202.36648199690401;638.21497368128087;822.62963192654036;564.92659049315694
5276565;202.108.8.82;392.78136767164176;387.00784969850747;427.64563892537313;4137.7980580052727;1999.7897068430559;2875.3440326650857
5277195;120.138.69.70;330.8863669155844;328.61432632142856;332.19290827922083;3540.549821894761;5062.1891857741684;4290.2463027406757
5277333;170.146.93.56;91.94516146969697;92.067678651515152;111.18844725757576;0.062494319358824907;0.31880455750088132;11.706484481323008
5277253;209.58.128.90;145.24995821533923;144.30002770206488;178.75695213864304;30.851095637955591;0.32737809818209745;19.16223900027736
5276509;198.11.132.250;144.09413441002951;143.09439631268438;187.37597523598819;29.978284297540068;5.5683029146818983;59.083665335947892
5277372;111.206.208.220;353.46538648036261;380.4608547854985;442.84818856495463;2756.3629675171469;1502.032802896875;2626.3698673554895
5277299;210.224.168.100;254.73627766871161;264.82416861963191;301.00139561349692;0.46559174326833841;118.09434884983295;14.252912133029231
5277082;172.217.16.67;1.9434894395280233;1.6092101976401183;25.758058303834808;0.078149764553373191;0.013076041354896041;11.003066697267846
5276844;104.18.56.71;1.9206097640117996;1.0893645752212389;24.373205427728614;0.12460434787649297;0.010062423082468531;10.700795306490893
5276886;218.211.33.75;275.73412716923076;255.50038319999996;315.17531493846155;11.372632931451687;37.264851534030662;19.108813759647681
5276725;104.94.192.167;1.9036385213414633;1.2079489969512194;35.266330259146343;0.047915009877310524;0.011661559345204259;26.394271172368907
5276976;151.101.129.34;8.7049866257668711;10.889788754601227;23.97879332822086;0.022468678200577737;1.0453804875437374;9.9366558582308695
5276535;111.206.227.118;359.01151425149698;374.03038757485029;402.79731440119764;3093.1105912588855;1832.9326205622519;2659.5743054826326
5276731;203.190.242.69;272.06073941717796;212.34161133742333;221.57995197852759;32.420940940006261;49.912194972282435;37.694675116347533
5276683;104.103.89.231;28.521113377581123;24.527560622418878;36.900166651917402;0.041642791311084552;0.8966417051622998;16.408836385294027
5277166;216.200.199.56;142.82067892330383;145.64229049852509;161.9313031858407;3.5974495751691205;12.585728676249158;13.495430764040291
5276523;216.58.211.105;1.9684351376146787;1.7608431467889909;26.059624327217129;0.25744164939088326;0.019893055977837779;41.284353031033199
5276677;104.156.81.67;8.7732663569321527;10.663567601769911;24.023441784660768;0.049489012819545146;0.99491010165751992;10.928724728940253
5276596;104.20.0.4;1.9619394970414201;1.0916500591715976;24.095269201183434;0.2145923362503388;0.012903697110872239;9.4699265735493601
5276711;104.16.254.64;1.8132790117994102;1.1249154483775812;24.195119808259584;0.053978765188625245;0.012409306679344681;10.767790495291779
5276828;104.16.123.108;1.9176271976401182;1.0978620707964601;24.302673480825955;0.12163667673639457;0.011452833451481716;11.623683443974167
5276840;172.217.19.131;1.9084542575757575;1.2249664424242424;25.84077048484848;0.19551389251543363;0.012844761907307293;10.483619430549462
5276695;54.223.189.245;322.86096492469875;282.22717911445784;282.71547593373492;990.51942240134031;474.87656575594059;593.57516841901565
5276432;140.205.220.96;363.88320764406785;358.52003357288135;357.04117667796606;664.53098619858872;3313.5020760853331;304.47448747138623
5277447;104.20.51.56;1.8172384513274336;1.0938177669616518;24.250948687315631;0.11273136575696741;0.012212981312485516;11.541159369333601
5276721;104.19.206.29;1.9143757208588958;1.090092926380368;24.202329110429449;0.058231707262287116;0.0097688440064485696;9.0253339742485945
5276862;176.53.43.6;49.45907463076923;49.878492473846151;67.921789846153857;12.093032456791095;14.174270886007132;11.105442920183361
5276906;124.243.192.30;420.95385347692314;261.93399763692304;308.00850809230775;1096.6899778918144;619.87086441329825;1472.6325480953224
5276545;103.23.108.107;281.79741521341464;275.67242307012191;305.73209461890241;0.45389192402708911;443.5399100527236;15.724557209502361
5276491;216.58.208.233;7.3654085168195724;7.1965070795107033;31.379459403669724;472.71346442019222;479.63103125647069;479.2604889703
5277066;125.6.149.67;247.03009775811208;272.36167884070795;275.71726483775814;0.3395469192523472;1.4493075165427061;42.465164026548265
5277088;62.138.116.25;17.200459984662576;21.250179144171781;34.854783450920245;0.28977904532292936;13.878093691410767;9.8300521458973726
5276856;109.71.160.200;12.404231725663717;6.382175401179941;26.844399498525075;5.5807670752941476;4.8377626453583034;11.062858876679689
5277070;203.183.234.2;242.23383008849558;228.72681949262537;275.59804980825965;26.760587511275215;0.88755026233849166;50.075604267004785
5277184;104.20.11.85;1.945536524390244;1.101844094512195;24.304398902439022;0.062169059014749409;0.012317112492286798;11.796338319949866
5276842;125.6.146.13;258.77694032448375;265.2150401917404;259.71958249262536;0.15076402530874466;3.3981600049773184;9.1937970813819145
5276777;82.165.229.87;9.3202432208588952;11.15261013803681;25.158584923312883;0.04588014329039293;0.01623765950313125;30.694174032329364
5276466;94.100.180.200;59.069688298816558;49.789334964497037;62.873577144970426;19.315849600501029;0.35066523656596305;10.247186572583047
5277413;104.20.86.35;2.0309567699115045;1.1177305339233039;24.708030280235988;0.43562543477105614;0.011914132575487787;39.828416643467996
5276763;104.16.85.202;1.8543963914373087;1.1085447675840978;24.429517798165136;0.45104066302872142;0.015446778751566779;24.301086710991477
5276982;104.16.59.133;1.9352461651917405;1.0807638554572272;24.00085867256637;0.16219766915682815;0.0099987964946133268;10.466115278592781
5276521;172.217.19.131;1.9595864373088681;1.3055126941896025;25.732409602446488;0.074228289453438734;0.011909508805967641;9.6570372237428099
5276978;81.19.82.10;57.279858713017752;51.912817357988175;61.832849201183443;0.15759340316291456;1.5729660018792886;9.5546220780495084
5276451;77.88.55.50;40.110481405325437;40.929213334319527;62.342502958579878;4.5196068472528337;0.55600009365332304;10.08718940928089
5276757;104.70.242.123;8.723443801775149;9.5942226213017747;35.641985162721895;0.033049604058845335;0.022084010765460141;13.049584339820756
5276850;172.217.19.131;1.9143491131498471;2.4996153639143728;26.231910535168197;0.063072670824289939;483.43067809204092;41.398880050789685
5277259;23.235.33.134;8.7124671533923301;10.573188864306784;23.99354669616519;0.10504602400952219;0.98520629311769847;10.847466077720204
5276741;23.200.86.152;1.5961579056047197;1.6482535870206487;15.643377286135692;0.12948722903425658;0.016073326949917942;9.8022027663368831
5277273;104.20.66.152;1.7881969911504423;1.0877816017699116;24.371218982300885;0.068805042041831785;0.031974452917030202;10.839256081081782
5277443;217.74.65.23;34.141319100609756;36.419799856707314;53.130367469512194;28.285112928839357;0.79595220182497672;10.725621036071491
5276796;117.21.226.199;339.36262107594933;352.3088683512658;326.62854731012658;231.17627593453363;2859.3603248875088;829.90428353211962
5276660;23.206.35.117;1.5240437315634217;1.1617183952802361;15.52359;0.11759645586505774;0.013166899637483872;10.492377411964162
5276499;220.243.193.127;9.0638568731563431;9.2445058584070789;23.335533952802361;0.083080798190812835;0.046270107039112711;10.839026157351338
5277032;204.154.94.73;149.70391678787877;154.09035865454547;175.66823851515153;36.669405536499667;53.769019727710287;17.39776438320704
5276858;104.25.24.99;1.9720065853658535;1.1024754786585365;24.15019885670732;0.1060535311814805;0.01187444014681052;9.7530023737120324
5277213;173.192.117.80;115.66013125739644;115.80577029585798;129.84157183431952;72.709537628134285;0.31637751828517868;12.817795565055368
5276800;63.240.4.179;83.864304678899074;90.513087868501543;102.61809258409787;3.3173812667302465;29.003075130797821;13.498611225820005
5277445;104.156.81.70;9.0330492378048781;10.886751179878051;23.996511189024389;0.042501127278230043;1.1601343188332267;10.385210770799198
5277182;213.174.158.154;80.528898180473377;82.692552073964507;108.70060489644972;30.433283571690698;236.83369839497286;196.56531221901608
5276733;104.70.253.135;8.2710024770642185;9.1337197767584097;36.61133704892967;0.080299690912671473;0.024229017993910414;10.067378832922712
5277068;176.32.100.45;78.892743318584081;81.446137761061948;103.45186939528024;0.094828629130653916;11.105204089413979;14.682790440390566
5277030;104.25.174.27;1.9288543805309732;1.1074167640117993;24.332960486725664;0.11317975572424753;0.011278404480841065;15.340886758668567
5277321;140.205.250.54;444.53580091900312;300.8353521619938;364.04895895638629;414.8070171931771;922.87006757468362;306.79194867121879
5276447;95.213.11.146;50.14233894970414;46.880902230769237;69.90749167159764;0.078051624032550643;0.97047337035899417;9.5894567781915097
5277335;61.135.218.26;376.0259302941177;361.81494050464397;400.4940725386997;4128.1088999827989;2164.6982445756144;2714.3307522597015
5276616;212.58.244.22;8.7787249999999997;8.9616384660766961;32.798473997050145;0.075722556381710909;0.71943935232908651;10.590005191927315
5276699;185.87.146.3;9.8767478023598816;14.245228938053099;24.301846666666666;0.11170206159435921;0.42507379435403453;9.310325139752754
5277215;172.217.19.131;1.9039666969696969;1.2837040848484849;25.528534015151518;0.084226482828938479;0.010692703549350376;9.2639298640607723
5277131;104.20.24.90;1.997781814159292;1.1417716991150442;24.067210722713863;0.29885603701049945;0.011411652365402092;13.0495995024056
5277020;206.108.40.108;150.5256875152439;162.79354139634145;172.00045396341463;0.041698540860060855;7.5654151037882542;9.4452885141228595
5276434;204.79.197.200;1.4956751533742332;14.163714871165647;14.909860322085891;0.058691190861172776;0.028126841360333089;10.364997675977582
5277172;172.217.16.68;1.9928734556574921;1.6996845382262995;26.372048318042818;0.076886448142798505;0.010373589520254654;66.871713462651158
5277042;69.191.252.148;86.963848144171777;82.105922429447858;105.6920844785276;0.45114889297807453;40.092274723157232;13.394439863584545
5277453;216.33.197.90;84.808357994100305;85.596995268436586;97.104796991150451;0.38422502161397087;0.14989347948583678;46.205225804802325
5276737;23.200.86.143;1.4896553539823012;1.7529057964601773;15.761186312684368;0.020529796331733102;3.1258526859142153;11.858153581675637
5277099;193.51.224.8;1.0252268292682927;7.3293438750000011;14.792289618902439;0.049443306480342814;0.88885283565034712;10.30564853931609
5276926;148.251.23.152;24.707968923303838;22.23599709439528;30.204664498525073;6.5676829501203038;19.508365385671627;72.893785843422307
5276779;193.164.196.82;7.521314039634146;1.0141052896341463;17.053245091463413;1.0055435948924467;0.0071924364111081839;10.923563927730479
5276636;186.192.90.5;192.67422903030302;219.2372883242424;241.36566271212121;0.039497388166029275;110.38993826818127;45.041471010277427
5277159;172.217.19.131;1.9449187957317076;1.2836906920731708;25.362748323170731;0.046617146797711326;0.015359602964883841;10.057774967089566
5277010;108.59.8.152;82.389278532110097;80.418386691131502;111.8642900764526;8.0502606836064068;18.248974948378901;18.427292658372853
5276428;172.217.19.131;1.8720900757575756;1.2644539575757576;25.793485196969701;0.098542374512645817;0.011241120238252746;10.219072713646399
5277331;104.20.73.64;1.9350752300613496;1.0713843251533743;24.298981012269937;0.17818024015799924;0.010672428567661147;10.895207961833943
5276715;172.217.19.131;1.849819727272727;1.2648885666666667;25.94757490909091;0.030150096410077144;0.0097168964911364657;12.543033500241357
5277155;124.243.228.203;421.22018915151517;267.45166336666665;298.89412462121209;1052.9833828348003;550.57718144626551;1427.0291081940625
5277141;92.242.43.216;57.512481135693214;54.728768749262542;70.187198112094407;25.868763182258817;0.24235658519816428;26.532746465189501
5277301;180.179.112.50;105.60530095870207;105.31343438938053;142.04053066371682;1.9801817252839633;1.7712230314072051;14.387292716064531
5276960;69.171.230.5;158.97991864306783;134.69630349262536;158.70271389380531;1.7232882275943238;6.0585588972412268;19.534875329044425
5277407;213.180.193.50;54.511868393939395;55.149005884848485;62.572536227272728;6.1563259586468151;0.45124276624710169;11.450756926621295
5277370;65.97.58.16;90.606154144542757;79.437440528023615;106.35451985250739;4.1441945042615087;0.46026166882682124;13.237364431945554
5277002;213.180.193.105;53.983393716814163;55.230586076696163;61.796092831858402;6.1610128596882507;0.56917953625994133;8.8953111357707417
5276697;172.217.19.131;1.8397191969696971;1.2910355727272727;25.597993939393945;0.031072615937158182;0.011205089521759862;9.5524146661897849
5276946;184.51.148.169;1.5946271238938052;1.8426698407079649;30.089206474926254;0.095964294801093808;0.30983725132513695;20.780066158465669
5277265;95.142.199.215;50.459912831858404;52.006777646017696;71.287988643067862;0.06748796581867679;0.01623023999562102;9.5621906143248534
5277429;54.165.95.219;79.06695067278288;79.873115642201824;106.68311743119267;0.053951800438232382;0.31007512335837079;14.574340278278415
5277237;72.21.91.8;82.916785552147246;93.446066368098158;102.22613472392639;2.4734456933955546;8.651470547983541;13.672837499914955
5276703;107.22.178.157;79.058071518404915;80.337360266871173;104.73761963190186;0.04455340831817;0.027058483271036167;20.950937485995265
5276936;207.241.224.2;174.91746850152904;144.95651968195719;177.91840894495411;25.671327272707082;21.552826772626137;32.319139769761648
5277279;140.205.230.48;385.05442959090908;358.73202846666663;382.75011839393937;2640.3309848949343;2483.2337364848222;351.42951112702616
5277109;23.248.160.250;262.72959567771085;279.13287053915667;283.26174655120479;217.78904167239267;173.63250523903221;137.47307344105161
5276424;91.198.174.192;12.214630762195121;13.923515557926832;32.663230350609751;1.6681039200294496;0.10860139493363688;9.07001836304355
5276928;209.102.213.14;112.10445648318041;114.84944623547399;138.79085634556574;0.033086726315001987;4.6820872681383925;19.656925373079996
5276717;192.33.31.56;1.5074007100591715;1.6644078550295858;25.026478668639054;0.026174179368726583;4.1936690508019288;50.086494192581362
5276781;210.51.19.63;320.37399368731565;247.41890825368733;283.44349280235991;1190.9793441797469;1257.8959480905592;402.89420281047779
5276501;23.206.4.202;1.6495687315634218;1.1220243657817111;15.498278643067847;0.064981946148243597;0.010338857829789508;9.4794314112595135
5277439;121.40.21.118;415.70717975757577;321.96858675454541;398.07049315151517;2989.2357174856729;3732.9804348911562;4838.4439701150322
5277227;46.224.3.195;135.70479927469137;135.57087881790125;149.70715766975309;181.08271426624231;736.77437251182539;439.50707830135229
5276848;46.28.209.20;21.08890126843658;30.797085646017699;43.081897492625366;19.84538294110768;0.097859292296582676;19.450656437987519
5277249;165.254.226.65;148.85819792035397;150.17407646017699;168.46089654867257;0.097304821724952126;38.392342422919157;19.262012640715078
5277433;121.40.42.87;361.57190956060606;298.566434730303;385.36264974242431;3004.4147691373423;573.77551147217628;1824.7302781536025
5276832;104.20.23.247;1.9715997640117993;1.0779037581120945;24.150816858407079;0.14599998054610949;0.016172717071445911;9.6663224947528885
5277225;66.235.121.141;78.773984646017695;79.615453887905616;97.845368864306764;0.1187983286135913;0.029382897402317747;9.795207876665895
5276992;97.74.104.222;136.77434544753086;158.2325459660494;157.74720438271603;0.11763592966947556;2.332457806219987;41.267518512444838
5276664;200.147.67.142;210.32619904129797;210.19292079646019;247.41957595870207;24.750309274824971;0.015308740973336135;73.35742746050299
5277018;172.217.19.132;1.9508540214067278;1.2346498195718656;25.897208425076453;0.044211278305617281;0.0057332575515790666;9.3466608452679321
5277479;72.163.4.161;111.72621786585367;115.01715923780489;131.46604385670733;0.22875323350459162;3.0526983657147984;67.36605150611463
5277382;192.187.93.86;144.58996704892965;143.57416387155962;163.53750587155966;0.8955292276416722;5.2571785138584941;11.083613451303446
5277247;104.16.29.30;1.9450717404129794;1.0894891563421829;24.258266548672566;0.058935518821602223;0.011094113827848712;10.705369742281304
5276912;182.253.238.102;324.41804816568049;211.0625239230769;218.40551421597632;0.12659778177163547;29.613811147748461;14.51882409793733
5276790;172.217.19.131;1.889014559270517;1.298791197568389;25.757929680851063;0.024988263091827025;0.014034347145793795;10.269619877005447
5277233;104.25.160.23;1.8839039940828401;1.0950128994082839;24.176787781065087;0.14937261757576328;0.012697200613504675;9.9047310970884208
5276563;123.30.175.29;284.48346110932476;261.82282624758841;306.44045710610931;316.0170636059085;1128.7029194796305;1111.593532584433
5276904;192.33.31.51;1.6060511651917406;1.6968289174041298;24.345602123893805;0.06234737054989601;4.6228074238836099;10.468042969864664
5276874;91.211.75.193;16.461213801775148;18.088132106508876;30.069537677514795;0.080468173865206327;0.42221128766568689;11.489586438478112
5276537;124.127.180.200;405.97068327922074;328.66220582792209;282.01864675324674;111.18537564419057;2516.4804309801493;741.96533806528748
5276868;162.212.41.11;107.80694846625767;111.18304444785278;126.24745389570553;637.37836922290296;473.87081924793443;558.13156776750111
5276802;172.217.19.131;1.9329762385321099;1.2704324862385321;26.088724801223243;0.077975698382487454;0.0095476895313446122;35.235292547418688
5277137;209.200.152.198;10.459926179941002;14.283230404129791;22.630378451327434;0.093561921638430773;66.229639320162917;10.608927637357114
5277401;23.15.77.41;1.7161790091463414;2.3152207499999999;31.286291249999998;0.51206792048506999;0.01700649408888872;52.376716468447825
5277231;113.240.254.10;354.78654751515148;324.9947828;306.18985780303035;2506.6646915023907;887.03444570904583;1025.1274740485499
5277221;172.217.19.132;1.9750888226299697;1.3053268746177371;25.918880611620793;0.065278751991044978;0.010509557502898653;10.408982578796264
5276460;198.41.209.138;1.8679006748466256;1.0900639263803682;24.632932883435583;0.14928948700123174;0.011542062031374947;42.227782587790763
5277263;222.158.213.148;247.76921364306784;263.97571866961653;294.23731859882002;51.451950251664229;103.05557977045235;11.272117861659174
5276519;31.192.120.36;17.936662766272189;12.783779600591714;32.564075192307698;0.076374426092273753;0.25401104812868369;19.910926923139236
5277000;173.192.117.80;115.87101853982301;115.81297814749261;129.67456075221239;82.99313728594602;0.28541040525432071;10.030332815885052
5276880;172.217.19.131;1.9318002760736197;1.2655825490797548;25.82319765337423;0.035049754038880838;0.010493545711597285;10.54674102114963
5277127;204.155.149.139;113.72856724770642;123.08884543119265;137.78718389908255;0.64407525337698179;32.094249955076208;11.21310704693502
5277356;54.163.249.107;79.022628377581114;79.455697171091444;105.04280651917404;0.15203257130046521;0.44399019629007019;51.633869972129176
5276944;54.192.198.72;11.989695519877676;9.6501903211009168;32.789924189602445;0.18982478780446979;0.01480365509610178;14.490131473577552
5276495;220.181.90.20;318.28682123456787;163.39764592592593;255.56996640432098;300.52836183260064;934.08035569213314;43.444313655072015
5276755;193.252.148.140;17.352226519174039;13.625087321533925;16.734862920353983;12.632280058394963;0.1601183043775869;16.726769877706516
5276628;192.211.12.20;147.41742575384615;148.54745943692308;172.1675535846154;0.045459990494739082;69.791626618128234;47.270657092734908
5277313;185.6.169.69;15.373979164179104;13.356242188059701;28.063197761194029;0.09126045619527158;0.43995645412371676;166.73664656599425
5276709;64.210.135.134;17.864802374631267;11.699830097345131;31.96936336283186;0.088375570521868507;7.895686572163962;14.269949506643707
5276876;151.101.128.230;9.214509298780488;10.852602832317073;23.775281280487807;0.034375211465514408;1.1994370353373227;10.422509132254152
5277097;149.154.167.99;16.443547551622419;11.716086595870207;25.86182896755162;15.705102134359786;0.025171836595591864;27.655212410303808
5276685;54.231.120.185;79.202376253687319;79.457826746312691;105.4680713421829;0.077340149736260161;0.37627461553112707;12.095674651588538
5277437;151.101.16.144;8.6815275811209442;8.2624129734513279;38.646821991150446;0.052022358089871726;0.020593512123152694;16.528843641519114
5276804;63.245.215.20;143.69443544342505;148.00778760856269;163.21724766055044;1.2227626134370351;27.399006359888567;69.261461443687097
5276543;124.225.65.154;409.65340164133738;319.91992702735564;256.69263762917933;448.98687013003615;672.84455820303128;508.46780740523621
5277461;192.0.79.33;16.51336584355828;11.350373165644172;23.291027346625764;0.029774426960561418;0.018987995987524715;11.424307041223864
5277008;104.16.122.127;2.0150892331288346;1.078885352760736;23.914062331288342;0.34838906948606835;0.010270543144332614;10.681019177143034
5277417;67.228.27.108;115.14996430981594;115.04541640184048;129.3529857208589;85.396940781512626;0.3066072623748356;20.964989882174098
5277151;104.16.10.104;1.9473480606060602;1.0322708666666669;24.726158757575757;0.071898736654572068;0.0059329616032428294;43.370846120439829
5276693;203.209.152.60;285.070011146789;258.91955818960241;263.83783871559638;128.05742339036021;88.956536806971997;41.970096984992082
5276529;133.237.48.124;259.94978847633132;255.41143336982248;287.2821307544379;34.584059810546123;110.71571308384105;10.805497510450531
5276820;172.217.19.131;1.9735809969325151;1.2877231656441719;25.731672822085891;0.37827257862807062;0.0144897791466106;7.8181942482263915
5276671;42.156.162.55;409.96271587962957;283.98985505246918;386.9938392901235;276.24367372095503;500.74156115233416;513.0846777218236
5276515;217.20.155.58;65.313339648318035;50.447717685015292;72.879558547400606;14.741275292074569;1.6553808507875676;18.047678567612802
5276964;31.222.68.33;25.214876314984707;25.231836620795111;29.772827951070333;0.90771602840087029;1.1826275088128042;12.031920940830817
5277235;151.101.65.95;8.5946621386430682;10.710799026548672;24.153364778761059;0.0092581201503672082;1.1506570022917664;10.800126054732177
5276818;185.31.26.232;29.256103008849557;41.505720731563422;98.627370722713877;0.050043205545666575;3.7667382819492938;11.494535940851174
5276751;69.252.80.75;82.237501194690253;79.392433014749273;102.25729727138642;0.10026784288463444;1.0346835025427523;9.3768748649122458
5276567;216.21.13.12;14.908194434250765;12.653697269113152;32.534882018348625;0.69890077589440469;0.27430704360753611;35.722451664753571
5276457;180.149.131.31;322.1954735266458;267.39499993416922;271.77639642633227;765.12448852459534;717.47237526673041;834.1544250096216
5277040;172.217.19.131;1.9543189263803682;1.2902023036809815;25.623379233128833;0.3006242619991541;0.013032196730665446;8.6464327195018651
5277121;104.16.64.153;1.8208698082595873;1.0723137138643068;24.638978407079652;0.29841681190283931;0.016868704443891578;38.383734764332431
5276824;130.211.186.109;104.65150841538461;102.65236854153846;127.1894534;7.9390465490883368;0.99861296113955278;10.885023174666671
5277457;104.27.214.30;1.9220534298780489;1.105370475609756;24.129334588414633;0.096657431689684117;0.010443292792292088;9.6937400155028026
5277209;74.205.63.94;112.1977664417178;118.55367971165644;138.83662590490798;0.026547968119240529;52.582710944317412;14.49400259274941
5277006;203.209.152.98;244.20403486196318;280.21211148466256;262.02912358895708;261.21086614670998;2.7713304711188731;9.2023637430641063
5276934;119.145.147.181;341.38521428797475;310.75270251265823;312.04145696202528;1568.329823998044;329.27122122113826;1630.1497565957745
5276414;172.217.16.68;1.978237225609756;1.746432929878049;25.735168429878048;0.067688088657089349;0.019816158669979839;10.652352695858129
5277095;104.20.64.203;1.9322690265486724;1.0287527492625368;24.097382507374633;0.12978275292633853;0.0071012102498574838;8.9352246579145103
5276922;66.155.40.250;162.5114160703364;170.41462247400614;173.96421084097861;0.16079338790191247;16.328997148526831;22.902069130827194
5276511;172.217.19.131;1.8383916212121214;1.2775392757575759;25.847190424242427;0.02279992857956864;0.011706630371969411;12.344809582396335
5276576;212.58.244.22;8.775828790560471;8.986768277286135;32.690984129793513;0.068744739988950254;0.70292048223047177;9.8531893111822058
5276453;172.217.19.131;1.9261210122699386;1.2656541257668712;25.734049815950922;0.039647117150048941;0.0096737834311099499;9.4803438550918369
5277078;104.31.76.24;1.9495835321100918;1.0887064617737003;24.277924969418962;0.15821490767796761;0.016269354077221018;11.083313827105503
5277358;172.217.18.233;2.1026928466076695;1.5962488938053097;26.215802359882005;1.3110962100994925;1.2250566218275696;35.239553009576575
5277473;62.116.130.8;15.694869585889572;19.371660070552149;30.15179015337424;0.098201955306346927;0.66452747674675261;10.669877169463781
5276705;104.20.60.241;1.9210681710914455;1.1051933333333332;24.161739188790559;0.093009964060814382;0.01147548774285349;10.053239443846612
5276539;172.217.19.131;1.9289155198776757;1.2555826055045871;25.579932232415899;0.036051435909515657;0.015231235969425414;11.082894727103122
5276990;121.14.241.75;316.31268507598782;283.34733827659574;298.50890132218842;705.19374660271944;730.11976188162089;614.9159371641307
5277188;72.52.8.197;10.473357929447852;13.687579334355828;23.539922684049081;0.63481321859931705;0.4067831257897993;41.829965914010828
5277291;64.94.140.201;147.75187902173914;140.79026597515528;222.7382133385093;2.2205158034056427;7.1551609687319244;86.566301863765162
5277125;206.131.180.21;168.07049893805308;180.79104400294986;184.40247008849559;0.31112419579872408;50.92098063494705;8.9446608313327385
5277060;104.19.142.70;1.8731243510324482;1.0954059675516223;24.252502772861355;0.076719717638811885;0.016937788437111037;9.8088410803747585
5276910;54.230.196.80;11.679467846607668;14.166594486725664;32.76432998525074;0.27338975622559897;1.7626454755949934;12.694660181453763
5277411;216.146.46.10;123.7002636153846;121.63145915999999;131.04530747692306;2605.5303509356522;1899.3769190773849;835.1485895645543
5277425;37.48.119.34;14.403074064417178;14.949404539877303;37.622300046012271;0.08087036548570449;0.52070382249953073;12.118409106260042
5277038;213.92.16.101;35.586867003058103;41.900029562691138;47.232374938837914;5.8273331242849027;4.1143498592470831;17.188271506298623
5276497;172.217.19.131;1.8901087155963303;1.2792906360856269;26.11351629969419;0.038678374299267751;0.010791741545381327;34.794814468933708
5277405;170.20.0.18;84.048319970501481;86.497952938053089;103.16954966076698;0.17842443362935032;147.75417393192001;8.0101501599427305
5277289;93.115.81.41;47.702904663608564;48.256082195718655;60.809594954128443;0.75407808864254755;1967.5843416957903;13.602153748472091
5276426;104.244.42.65;13.369529296636086;15.869854749235474;23.030116743119269;149.21277727453099;0.21064386646718478;10.308560679786257
5276920;202.61.113.35;274.86810306784662;190.14073949262536;230.24606191740409;67.527380927821397;216.87073676801626;556.15263653570844
5276557;66.235.120.127;78.758978639143734;85.208201376146789;97.872552859327214;0.054403447467337759;8.9119664247363808;10.1230414225708
5277133;161.69.25.181;132.79709712121212;130.55646563333332;141.65328316666665;53.362721713135805;64.340932924887952;21.104399257295348
5277471;104.31.135.74;1.99578407079646;1.0176808141592919;24.249452315634223;0.1305384505523077;0.0067851826697914227;11.86242029436433
5276948;163.172.21.184;1.9051643883792051;1.3092436360856268;15.715618027522936;0.078809171090910304;0.010904541866390503;10.527514525003832
5276687;108.174.10.19;78.745447684049083;86.768231690184052;98.17517749999999;0.026905422439191602;36.331778750525757;11.553883419946127
5277014;203.12.21.5;250.81289725609759;197.79196652439026;226.40391579268297;14.81549291818637;6.4987843266245422;10.724165558485959
5277261;81.17.22.114;19.490601002949852;26.939838675516221;37.735613598820059;4.4830586774025338;1.1484891126020482;11.570106873309761
5276614;104.20.77.29;1.8558287082066869;1.0907866717325228;24.033143753799393;0.21511933089020055;0.013340597630402882;12.095489104454828
5277076;178.33.44.27;7.1189864634146343;6.6920640762195109;17.611257972560978;0.04672238949237062;0.0062253830589362631;34.736137121466705
5277012;80.168.92.141;8.799940757575758;8.6325530363636371;33.931244969696969;1.40371434952579;0.014809838763192622;39.33516914844833
5276773;172.217.19.131;1.9453274539877299;1.2795786901840491;25.742840674846626;0.061709170619591434;0.011018695779305854;10.022902117756447
5277024;161.47.7.14;96.040853392330376;108.76698738348084;115.05932508849558;0.070952779848963893;9.4076679604914837;10.264253638128457
5276902;140.205.174.2;359.86593009036147;354.21157969879516;365.54043888554219;885.46480372723624;2200.3713276995204;487.59995604244642
5276681;5.226.176.16;19.208081055045874;28.923527724770647;55.197287018348625;2.8811590137601253;23.083673837457876;23.328226216157852
5277366;23.200.87.127;1.4774375229357799;1.5163507400611622;15.878159984709482;0.3158175446727633;0.042907100927213775;11.148693624327601
5276517;192.30.253.112;78.652698015151515;80.38247740909091;98.036970409090927;0.049345257475530063;0.018289713617490308;9.5400471660974819
5276581;163.53.78.58;135.10986061946903;145.93041097050147;176.49836060471978;4.2167276581002042;3.9425886972646609;12.641811353885551
5276854;124.251.98.4;320.88856133233531;288.30334261377243;316.16001032934128;488.05744378614281;351.42825485015175;207.88914419359455
5277403;209.104.56.26;78.954809999999995;79.571653294985254;102.29244135693216;0.63714622907345086;1.0683576523926213;23.383652283528395
5277307;115.231.100.109;393.57514509404393;344.76310129153603;302.92011271159873;3179.4540468299015;3667.8148674034501;1900.990577266841
5276462;193.51.224.148;1.4070046755162242;7.8345927964601767;15.291316076696166;0.1072502848240835;0.66236848571635698;9.6199816658791484
5277419;104.27.168.11;1.9952798820058999;1.056582471976401;24.3736912979351;0.10163317240868815;0.0066500833197890375;11.053055679513212
5277271;54.231.241.169;245.76005340707968;194.79757444542773;221.26057317109144;6.4416056607077889;1.3559388998133506;49.017194166030286
5276679;54.192.199.95;11.670780840707964;15.729726238938053;32.8732622418879;0.29198114179848195;0.020996942233060902;12.60012107649468
5276792;123.103.57.11;379.4894276283988;344.20732650755292;287.55167567975826;7867.6440925891311;565.78886523300071;229.46172102129577
5276555;108.160.172.206;151.08463343558282;162.48642744478531;167.73679880368098;10.295954398927305;15.184803055100881;10.056554306281697
5277378;209.95.39.162;133.62092663608564;127.71485810397554;172.9324541590214;0.16563483675198667;0.015145536068502994;48.163172934831628
5277269;104.20.24.138;1.8217290384615386;1.1051407692307693;23.878948594674554;0.068586091748261843;0.010645217032508876;11.12942029402946
5276430;61.135.157.156;390.64457021671825;357.37189512693499;407.43429427244581;3529.5456876005615;867.80617235176612;2501.3611273082583
5276533;23.103.183.15;244.73330787461774;177.9628428501529;181.52440389908256;14.51993161151054;18.187577417457344;30.198163538532427
5276481;172.217.19.131;1.9337380487804878;1.2597489939024391;26.073723978658542;0.029958521355034212;0.012369289094859719;41.717189833098438
5276691;94.182.163.3;118.10651148367953;85.27280410979229;101.88670318991099;1837.2746563305784;15.23699516824948;436.2752505664734
5277115;5.134.209.108;41.465540560471979;39.035979598820056;75.30387612094394;0.18200180879349112;1.3450223373696206;11.784041638956856
5277170;184.51.148.153;1.4945317727272729;1.920748106060606;30.148036530303028;0.084542026666781678;0.20047025258288872;23.091338506623647
5276483;125.88.190.56;332.91071337349393;299.94059665361448;283.85842728915662;219.29316653919921;632.08790440957603;692.68169702590058
5276888;59.151.116.98;314.73664055910547;305.14298473801915;312.20082968051111;269.12438175525278;465.98969247097114;640.82418806652015
5276822;104.85.66.52;13.311242668711657;1.2693367300613496;34.149245030674855;13.224516901817571;0.01259243567422161;26.255427234523776
5276761;31.192.116.24;18.14425420353982;11.941470858407079;32.448831622418879;0.093478320572964485;0.23795304829567321;14.932449544312117
5277143;104.25.28.101;1.9197439380530972;1.0776638790560473;24.17161179941003;0.12528897442925574;0.017036430841870329;10.771310307202365
5276588;106.120.160.134;419.61954220125796;285.07062273899368;281.30861061320752;79.431617891744409;1456.3806865616577;528.6905501970374
5277153;37.187.134.184;5.7468967551622416;5.9629355339233037;29.442559557522127;5.0210472988717711;14.927296908426937;19.223676398511603
5277435;178.236.137.157;44.259756681415929;59.113020893805299;68.969416991150439;0.052738298812807061;17.168023514339094;15.815939068081947
5276642;50.97.35.152;80.597915899705015;86.746607737463123;103.36549588495575;1.4814336016293537;2.945032573781929;35.662967928752465
5276713;210.129.120.43;238.48605359934851;254.15293345276879;276.60149224755702;43.599675147112869;1.4017596359331257;21.921698528786955
5276654;93.184.220.127;1.2733147345132745;1.4891719026548673;24.279668185840709;0.1330126040348853;0.011622960113781085;19.474519490110648
5276786;220.243.193.127;9.1314866371681394;9.2303265457227148;23.349260058997054;0.2425137390400188;0.048484292425510452;8.9420754476255144
5276930;104.20.94.121;1.9434819321533923;1.120365814159292;24.213068923303833;0.39205033943129625;0.011316466897260447;9.0433469155033421
5276675;192.229.162.112;82.550556523668646;78.711603038461533;102.18506647928993;1.3099167028050014;0.16833673436538005;14.95347114742429
5277277;23.35.125.139;1.6282702064896757;1.1316089321533922;15.914925191740416;0.084941929406152056;0.010272880400895102;41.3971476987617
5276573;222.73.144.157;407.51031151898729;333.95032781962027;277.55054585443031;305.64797390411093;2229.6252996081444;153.2053774315529
5276507;72.21.206.80;79.31836617378049;86.050790475609745;104.02001260670733;0.30111655579885099;33.4778372208281;16.679167097385204
5276984;83.66.162.3;54.245152116564412;62.377926834355819;65.837072960122697;35.837565019080948;4.6143291677697453;31.339372514844527
5277459;120.55.238.185;384.17166222044733;338.67442764536742;302.32134841853036;4251.5160486568293;2307.7389032951482;419.50950517172555
5276896;23.3.148.75;1.7411889110429446;2.157419460122699;34.275078619631905;0.21346169696698902;0.012296642402512211;30.783437408297942
5276449;114.134.80.162;247.76399971976403;213.96795428908561;223.51547526548674;5.0872677005855387;40.38659398640155;28.024520948081499
5276966;118.145.26.112;342.10357069277109;193.83037390361446;227.30640698795179;2037.7903233980915;187.02233665587818;587.23132385675876
5276626;104.16.51.93;1.7204154289940827;1.0715272396449704;24.277684866863908;0.048681385210097024;0.44174132781461406;10.475992439203161
5277217;198.176.43.184;145.03123230061348;143.26474556748465;162.58820265337422;34.397170359799006;2.1374279996220737;47.302357735527103
5276527;216.58.208.195;7.2471768731563415;7.143667430678466;31.258542404129798;455.78271628774507;464.79703656569086;463.283749820102
5277239;5.79.69.118;14.426210855855855;13.8269198978979;40.060272717717723;0.33920214903838181;0.05844904973709468;13.407915735005902
5276485;78.140.191.70;16.68173821533923;12.485471569321533;29.625325604719766;0.14295060305396839;0.016738444390929568;12.723491965497347
5277465;118.184.184.70;387.00406203076926;341.07526262769233;351.92412483076924;232.29267564307742;2488.7831967543998;3283.5825150960027
5277186;209.225.49.78;81.928665353982311;84.288026235988184;98.409520442477884;0.17534838155916657;0.018958431457962052;64.906478233196097
5276630;27.133.208.13;216.31749867256642;265.44122346312685;251.56505780235992;30.098740572554881;3.5832993616828546;87.520976849018254
5277285;91.195.49.131;9.7665757227138634;17.702394870206486;31.016016342182894;0.08236746267728004;0.46241725568168224;41.546535746099302
5276640;72.21.206.80;79.326526834862392;85.705053877675837;103.89478025993884;0.080614170434095009;8.6162792991483901;15.621418594645881
5276644;172.217.19.131;1.9384899386503065;1.276447745398773;25.862375076687119;0.051023806201529978;0.01055221044704254;9.4568399559364185
5277319;220.231.200.140;318.12641718750001;275.63969455312497;301.22695903124998;472.79313740628896;79.486654775250514;600.59426860495046
5277064;104.101.185.194;2.0684584365781711;1.2182506283185841;35.282963790560473;0.19372661553796872;0.010790626934546221;26.202038773188217
5276618;219.85.79.131;275.83266991150441;283.80307706489674;310.73197346607668;59.114755226218399;89.022042037013321;163.5621556021828
5276477;172.217.19.131;1.9436396779141107;1.2749205981595091;25.889963082822085;0.054215676893684617;0.010925070696252634;10.607822961849159
5277034;85.111.30.111;47.436133226299695;51.202288633027521;55.608476498470949;53.806321493775755;15.275904074099296;28.393487146364428
5277058;104.20.1.139;1.8988295858895703;1.1230922668711656;24.383561564417178;0.12989976214054941;0.013006323512668045;11.561237984409667
5276747;173.252.120.6;94.290313425925916;90.297875962962962;110.16684581790123;0.035063348316812494;0.63106961658198046;16.032661018286912
5276620;120.24.248.50;343.15799560937501;227.941206034375;335.96739259374999;1332.287628739922;1232.9536287610251;3260.6127556378851
5276503;151.101.1.69;8.2018284660766962;10.736274156342184;24.01486274336283;0.0026209616771456067;1.0224592523177189;12.889822914575808
5277451;87.250.255.11;16.72308892638037;11.902779791411042;61.889268972392642;6.4481748547286033;10.448469894288896;38.712532965453939
5277469;23.45.151.67;1.6711665596330274;2.0857778899082566;31.127662247706425;0.35352734351102333;0.013036472855468002;25.553238176875755
5277311;162.208.32.99;85.424964852071;87.06866569230769;104.68581699704143;0.1013261526601854;0.54272413115100582;8.3738762477170905
5277044;104.16.165.50;1.9075427591463416;1.1577873445121949;24.078809756097559;0.09922736627752432;0.012849213078927044;14.04230226706747
5277364;173.241.154.10;147.6438115;146.22868856666668;155.46013086363635;0.083568983912825745;0.52415173479480981;40.546631762651444
5276830;23.235.33.133;8.3163054294478531;10.795032717791411;24.108998082822087;0.06453293937128797;1.0925468201245707;17.535948887592259
5276860;219.239.88.112;394.2319681481481;357.54457211419748;213.55372587962961;2672.722115756892;943.7348925029811;552.94463419130886
5276767;172.217.19.131;1.9494162996941895;1.2690458470948012;26.166659204892966;0.074458963588448404;0.011037004779750321;42.108556374621081
5276559;172.217.19.131;1.945639740061162;1.2594428042813455;25.681766712538227;0.26294852381392325;0.0093767236410687276;10.035825261764654
5276866;172.217.19.131;1.9401179663608563;1.2669257064220185;25.896212018348624;0.24769281203462568;0.0096014887326661049;11.576762271125283
5276834;123.30.128.195;320.98809119937692;270.55719235514016;328.49393886292836;3399.8820592086486;2187.0515730259358;1967.3258604897226
5276669;104.27.6.113;1.8759359439528023;1.0696798908554572;24.203221976401181;0.10033820884837151;0.0088299439303686188;8.9595262645074509
5277223;185.72.231.14;46.660728923303843;52.556652466076692;63.270667300884952;0.036464737708206608;0.8830655463443966;10.347776570999423
5277257;172.217.19.131;1.9540706422018348;1.2683014159021406;25.27880509174312;0.046933107312125799;0.0098956896742918559;9.2714842232662011
5276884;104.101.166.212;1.869172003058104;1.2924680275229359;36.280487614678904;0.056582092402639145;0.015825215643641442;27.763259211928869
5276735;172.217.19.131;1.9022488636363637;1.3045582121212123;26.191018833333334;0.054255908394238973;0.011391285956536823;39.817803995190538
5277072;178.33.165.129;5.1737710207100598;4.7834668934911244;29.185832647928994;0.14891175548275989;0.01991690973932593;21.190845592159043
5276892;72.21.202.239;79.105559969325157;85.079709098159512;106.78564901840492;0.096766003369170767;8.8536948082688731;9.0877564864605382
5277149;104.93.248.186;4.0005845412844039;1.4954731559633028;29.099569709480118;13.737443582801932;0.01394524486177078;33.825087636230414
5277309;192.33.31.72;1.608409754601227;1.6717116748466259;24.148309555214727;0.063015444905768006;4.3496433109441401;9.9636570117024856
