destination;probe;1_min/avg/max;2_min/avg/max;3_min/avg/max;4_min/avg/max;5_min/avg/max;6_min/avg/max;7_min/avg/max;8_min/avg/max;9_min/avg/max;10_min/avg/max;11_min/avg/max;12_min/avg/max;13_min/avg/max;14_min/avg/max;15_min/avg/max;16_min/avg/max;17_min/avg/max;18_min/avg/max;19_min/avg/max;20_min/avg/max;21_min/avg/max;22_min/avg/max;23_min/avg/max;24_min/avg/max;25_min/avg/max;26_min/avg/max;27_min/avg/max;28_min/avg/max;29_min/avg/max;30_min/avg/max;31_min/avg/max;32_min/avg/max;33_min/avg/max;34_min/avg/max;35_min/avg/max;36_min/avg/max
31.13.76.102;mPlane;148.917;144.232;143.161;143.238;143.314;143.206;143.259;146.238;143.157;143.229;143.182;143.214;143.259;145.085;143.214;143.329;146.401;158.701;143.296;143.27;143.423;143.71;143.345;144.515;149.841;143.17;146.323;143.329;144.112;145.327;143.582;143.245;143.241;143.263;143.337;143.191
31.13.76.102;FranceIX;128.882494;128.917373;128.935752;128.812721;129.174046;129.175371;128.942516;129.18128;128.881304;129.368988;128.851255;129.015479;128.85394;128.893338;129.200215;129.000193;129.141498;129.174476;129.498398;143.029898;129.267367;129.019943;129.277737;129.08184;129.112954;129.120099;130.169638;129.065541;129.262857;129.273507;129.017108;129.130144;129.356378;129.046682;129.162952;129.19867
31.13.76.102;rmd;156.90532;157.014895;157.0352;157.022735;157.141125;157.903155;157.15635;157.07518;157.156715;157.404255;157.15962;157.050175;157.139005;157.81812;156.99102;157.314515;157.261865;157.23579;157.18088;157.562475;157.390225;157.17338;157.254145;157.73418;157.248865;157.81723;156.9203;157.283445;157.836735;157.64538;157.3372;157.117495;164.846355;165.167775;164.708175;165.130725
31.13.76.102;LISP-Lab;161.75241;161.635785;161.65217;161.716615;161.38088;161.531595;161.71661;161.81495;162.13135;164.37383;161.96589;161.979265;162.540895;162.278595;161.685155;161.616605;161.84305;161.709045;162.01434;161.07905;178.949065;161.980015;161.346185;161.94422;-1;163.6962;169.487665;161.072375;168.649435;162.37144;162.52634;169.54937;163.23356;161.97179;161.64001;162.95364
74.125.136.190;mPlane;15.984;17.593;16.652;16.093;15.88;15.883;15.999;15.913;20.323;16.123;16.03;16.109;15.998;16.095;18.283;16.061;15.993;18.078;21.986;18.06;15.965;16.073;15.959;15.891;16.027;15.96;20.242;15.97;15.883;15.959;17.087;16.301;16.155;16.188;21.059;16.121
74.125.136.190;rmd;16.82928;16.83842;16.87783;16.55326;16.899615;16.812635;16.74348;16.3762;16.588375;16.561355;16.744255;16.530175;16.96916;16.541345;15.730645;15.70666;15.868485;15.73708;16.373265;16.78691;16.87751;16.3757;17.04907;16.918275;16.809695;16.791875;16.80916;16.658385;16.44053;16.298945;16.55164;16.33443;16.466325;16.283465;15.687155;16.36163
74.125.136.190;FranceIX;13.513927;13.627077;13.373269;13.256114;13.301447;13.491444;13.507673;13.534192;13.495288;13.523522;13.507628;13.617163;13.46073;13.542911;13.593754;13.513158;13.557411;13.56674;13.899536;13.539847;13.55172;13.691805;13.655222;13.608714;13.651347;13.723839;13.519988;13.509022;13.576;13.495183;13.955348;13.696304;13.655037;13.522027;13.677606;13.540682
74.125.136.190;LISP-Lab;30.478895;30.677;30.61798;30.409825;30.326855;31.14685;31.09871;31.01359;30.877145;31.164915;31.339795;31.260445;32.655485;31.43404;31.13447;31.288425;30.996735;30.40806;30.78751;30.67699;37.257225;30.46774;36.95359;30.70093;30.95496;31.06755;36.200635;31.05111;30.92591;31.661415;31.050395;41.95055;45.162715;31.062365;30.6559;31.164385
180.149.132.47;mPlane;389.63;369.26;400.416;373.402;388.434;408.77;397.567;398.216;401.26;391.192;379.338;405.997;437.078;391.491;382.328;397.65;416.863;404.808;402.703;418.654;430.634;423.616;423.592;423.211;407.076;428.161;408.036;408.86;424.067;418.623;415.853;463.012;497.193;477.46;403.807;425.614
180.149.132.47;rmd;234.88516;237.593825;237.980425;240.090765;239.07913;236.857765;238.34685;230.65086;240.984865;300.82878;235.89017;236.56612;236.25287;323.50795;240.49801;241.650455;242.626995;244.17067;243.57559;239.18935;243.82965;242.232785;243.093315;244.07158;243.461955;238.927345;242.954835;243.94412;244.00315;243.603865;241.676825;284.221035;-1;293.33331;291.906095;292.13473
180.149.132.47;FranceIX;288.682743;277.817971;258.873684;272.988061;253.436721;273.035964;275.195529;262.496348;286.363743;296.715109;294.550141;289.208505;332.484312;292.472842;276.467395;292.460027;291.642274;283.393578;290.847869;327.15024;333.836468;313.225646;272.565974;271.325604;307.615924;294.667447;286.819493;300.03138;307.308367;293.259739;313.239399;356.949804;365.340863;328.181259;333.008451;292.32736
180.149.132.47;LISP-Lab;260.64646;-1;-1;258.3689;274.68819;261.658385;275.2068;263.937625;262.1957;277.972835;269.515145;263.930315;273.53792;263.492055;264.302875;262.83066;261.884865;273.085685;268.08026;262.88608;287.136015;263.021665;263.42428;262.237645;266.743405;264.26603;277.112185;273.360275;271.657465;266.88303;262.015355;275.897525;268.8398;275.705795;274.64695;260.297385
98.139.183.24;FranceIX;110.24076;110.168423;151.874489;187.454911;342.18159;149.328199;102.005983;105.820748;105.666039;109.76194;105.824512;105.550054;110.256329;110.429817;110.275758;109.240342;106.89144;107.121301;106.965198;107.191502;107.261451;107.340556;107.277498;107.224626;107.36571;107.816602;109.497643;112.749266;112.541455;112.742806;112.789905;116.618763;113.143968;112.96724;112.496103;112.7919
98.139.183.24;mPlane;93.636;91.96;84.433;83.965;84.409;83.938;91.898;84.053;89.914;84.614;98.899;84.657;84.99;84.455;93.201;84.366;85.692;84.883;84.673;84.497;86.078;84.613;96.036;84.975;97.006;94.839;97.131;84.868;85.038;84.758;84.734;84.464;85.889;92.244;85.593;90.714
98.139.183.24;LISP-Lab;132.389775;267.095945;337.395645;131.84583;176.98203;181.049765;136.528115;127.62928;140.686465;127.55954;127.200155;129.57159;128.787195;138.775785;128.379165;130.746395;136.327975;134.540975;127.698765;130.4554;145.62002;129.142945;134.48576;130.135435;-1;137.32318;137.958225;138.276045;130.69693;152.861235;133.06794;127.75997;123.651185;130.591315;120.80385;120.938725
98.139.183.24;rmd;93.99446;94.21233;92.260735;91.883815;91.65155;92.42082;91.67896;91.86452;91.670035;91.89458;92.183325;92.021735;92.388155;92.48392;94.52779;94.492685;92.049665;92.42329;93.96591;94.041835;92.34875;91.885885;92.634255;92.252775;191.814475;92.60529;91.959815;96.979645;92.350095;92.421545;182.005145;100.25712;-1;101.62632;101.31198;102.962135
91.198.174.192;mPlane;21.727;14.747;15.341;14.639;14.678;14.856;14.797;14.782;14.929;14.728;16.457;14.469;14.629;14.85;14.579;14.973;14.592;18.122;14.677;17.457;14.524;21.43;15.112;14.638;14.931;14.532;15.475;16.527;14.702;25.44;14.758;17.337;15.491;19.496;14.56;18.915
91.198.174.192;FranceIX;12.6696;12.797303;12.731032;12.512106;12.654715;12.637041;12.53375;13.025123;12.656581;12.605253;12.739151;12.620181;12.712912;12.687909;12.883115;12.831223;12.76604;12.673853;12.553665;12.859695;12.66243;12.624337;12.567039;12.562309;12.571129;12.525395;12.534251;12.577408;12.746531;12.686734;12.942557;12.389936;12.670216;12.77996;12.809894;12.922749
91.198.174.192;rmd;20.96088;20.84939;20.90935;20.685725;20.82938;20.65582;21.098555;20.711515;20.773685;20.642005;20.796075;21.079025;21.012935;20.72969;21.398255;20.72356;20.690035;20.814025;20.89153;21.31377;20.791295;20.897675;20.804675;20.699815;20.862685;20.74135;21.15064;20.68581;20.87035;20.76479;20.766815;20.73622;20.640485;20.567365;20.359235;20.541005
91.198.174.192;LISP-Lab;27.34111;27.313725;27.72649;27.469305;27.43965;27.38073;27.3989;27.60217;27.72169;27.98081;27.57868;27.5049;27.65076;28.249685;27.58821;27.425625;27.430535;27.47812;27.06384;27.42762;36.92709;27.83401;27.956985;28.572405;-1;33.64396;27.56792;29.100935;27.97317;32.628255;32.312955;36.27924;28.615195;27.56764;27.804665;27.675455
125.39.240.113;FranceIX;428.553838;468.764495;427.820584;322.548309;333.339306;331.842296;436.295336;347.374305;365.435129;361.335048;363.955042;359.33643;473.35612;361.322133;374.392355;371.285826;373.758752;368.012281;375.748406;384.96075;371.793273;374.649823;398.755604;434.025671;379.217375;451.094323;398.195959;389.058201;537.183668;381.264326;375.792124;371.159571;460.398928;373.756147;373.373554;482.952593
125.39.240.113;mPlane;352.471;296.221;292.419;292.731;292.606;294.289;328.621;338.75;324.561;344.394;334.027;325.569;346.699;331.245;345.35;380.246;401.232;403.37;351.006;345.184;338.402;344.052;338.575;346.636;344.564;343.565;399.4;344.292;356.656;351.984;427.078;340.897;379.665;372.944;337.299;413.049
125.39.240.113;LISP-Lab;323.65709;323.56097;325.09089;323.932195;328.92385;323.94461;323.67002;323.65225;324.28363;324.29172;324.77244;328.61505;324.456435;323.254835;330.12026;345.470205;376.734645;328.71005;344.776165;363.364665;381.24582;360.494715;396.19253;388.45474;392.708115;359.01656;356.29723;347.96766;389.66934;375.21177;391.996135;388.53814;396.32668;375.81404;377.45462;384.91212
125.39.240.113;rmd;431.68572;408.47742;407.9913;418.381075;408.08857;407.48188;407.8968;407.903645;407.789435;424.602185;408.04153;407.77334;408.7424;410.31408;533.031575;408.15173;408.07207;408.301645;407.554235;407.70941;408.145795;408.04177;409.361805;429.069455;409.054595;464.79611;485.14093;475.78713;431.80919;410.05139;409.330185;409.025775;-1;409.690925;410.67709;410.82889
199.16.156.198;mPlane;91.416;93.568;102.49;93.586;91.404;91.493;91.518;91.873;99.72;91.595;91.424;91.449;91.497;91.384;91.424;97.194;92.88;94.278;93.409;93.497;93.473;93.818;93.49;93.423;93.371;93.435;93.572;91.428;91.948;91.432;91.476;93.493;100.204;93.608;93.392;93.777
199.16.156.198;rmd;108.31828;107.05316;108.290645;108.14563;109.050785;107.72238;107.780425;107.86702;108.932275;109.26081;107.73533;107.811245;107.783715;107.843555;109.4151;108.90296;108.894825;106.960465;107.142875;106.97534;107.06156;107.14496;107.64829;107.91377;107.663455;108.673615;107.722565;108.04083;107.70404;107.80499;107.68182;107.87834;115.05273;115.646315;114.807595;115.11166
199.16.156.198;LISP-Lab;107.489685;105.47283;105.86261;107.63287;106.77352;106.80973;106.924395;106.00616;105.50512;105.59819;103.869115;104.36572;108.461415;107.015415;106.56342;105.761995;104.49564;104.57284;104.204845;105.07855;121.541145;108.89125;106.579765;106.68725;-1;104.13331;-1;104.619145;103.93257;103.972025;104.33513;107.221245;121.84598;109.09146;105.533985;105.554375
199.16.156.198;FranceIX;90.58031;90.450632;90.59455;90.641443;90.428082;90.505903;90.505379;90.625603;90.565936;90.548066;90.547562;90.503469;90.443856;90.540597;90.328941;90.663632;90.531542;90.560041;90.59247;90.503448;90.561231;90.384448;90.533043;90.542617;90.60598;90.442446;90.597849;90.543736;90.534513;90.665941;90.525318;90.513754;90.450401;90.514828;90.48387;90.500829
110.75.115.70;mPlane;403.89;409.003;-1;391.626;384.548;391.211;401.751;452.939;400.058;399.928;461.709;384.939;384.505;397.67;470.236;-1;450.508;406.633;392.96;482.825;474.118;439.919;456.748;459.098;465.589;485.25;485.354;485.376;484.722;481.462;480.478;481.459;485.289;479.911;482.837;481.213
110.75.115.70;FranceIX;372.029027;375.594777;364.822646;-1;343.214181;403.845768;405.878155;340.326478;354.958246;375.99003;369.789575;410.58358;370.820464;343.282453;356.779121;373.566359;349.154342;374.805592;372.047976;353.20149;361.582671;405.692837;423.415772;376.677755;378.17585;362.667188;343.539972;374.260651;377.789501;372.967972;375.395306;377.662722;369.939894;376.546166;377.520163;373.905315
110.75.115.70;rmd;340.652245;309.75844;308.984415;314.58836;308.9062;320.344205;308.59185;314.48629;309.48839;354.38562;357.193725;430.79281;302.523;309.305805;308.80566;308.767125;-1;271.96278;338.20249;308.85451;308.92987;347.770525;357.053505;-1;357.812405;355.961335;353.816475;308.93735;308.711575;308.71362;308.882475;376.20614;354.450925;354.84122;309.262895;337.743755
110.75.115.70;LISP-Lab;382.150485;383.070065;383.98227;382.2702;382.463855;430.804335;428.991135;384.27926;381.74877;381.25648;381.990745;430.33046;382.33046;382.252745;382.20902;392.318335;383.23869;449.200095;383.3685;391.2953;391.360525;406.13882;385.87014;421.84059;-1;382.741155;386.566275;404.21244;382.32816;431.84523;385.879795;384.64778;384.62648;390.92436;384.70295;432.399695
199.101.163.129;FranceIX;167.264576;167.356521;167.249715;167.386129;167.3731;167.296543;167.36516;167.216547;167.182282;167.422994;167.521138;167.254125;167.325681;167.158829;167.036444;167.232027;167.269315;167.091303;167.222887;167.189162;167.239661;167.374839;167.271125;167.449287;167.207301;167.434537;167.24118;167.384985;167.270509;167.411743;167.210051;167.460101;167.228996;167.311936;167.412554;167.307132
199.101.163.129;mPlane;152.935;154.024;161.011;155.414;153.361;152.956;152.949;152.867;157.783;152.905;158.074;152.913;152.881;152.926;157.121;159.882;152.924;152.85;156.962;152.992;166.3;156.959;155.171;152.888;152.944;152.833;152.909;152.859;152.903;154.866;153.494;152.903;153.046;159.059;153.066;152.972
199.101.163.129;LISP-Lab;168.69171;168.47317;168.0838;168.47443;167.975425;168.391445;168.025395;168.161395;168.669935;168.010355;168.23694;168.270715;168.13156;168.533675;168.376355;168.16424;168.124175;168.060535;168.51576;168.197135;188.01843;168.20599;169.61993;168.87366;-1;168.893065;168.239445;174.86706;168.45113;168.063535;170.80097;169.139815;170.49327;183.759425;169.50745;168.202135
199.101.163.129;rmd;162.84114;162.92113;162.7956;163.09202;162.76548;162.802945;162.79423;162.67802;162.904275;162.880815;162.76579;162.85794;162.83444;162.709885;162.875185;163.20859;162.703125;162.68068;162.847455;162.95966;162.800325;162.728925;162.97126;162.92975;162.874105;163.084265;162.93578;162.703555;162.80664;162.897915;163.148115;162.742565;151.66812;151.245175;151.176;150.887605
183.79.135.206;mPlane;253.068;257.444;260.367;264.594;257.49;260.778;257.528;271.108;267.634;267.392;257.478;264.629;260.786;255.337;261.919;252.55;262.887;272.106;259.903;257.004;257.134;261.608;257.176;257.13;256.978;256.974;256.982;256.987;256.976;256.983;257.128;257.025;263.735;257.007;256.944;256.979
183.79.135.206;rmd;272.54966;272.78619;264.35058;272.658915;287.586105;264.85398;273.36459;281.71563;273.764555;272.962125;273.287575;269.80558;265.220975;272.958385;264.986145;273.691705;270.077625;273.52254;264.99574;287.4091;286.738105;286.60791;286.977695;286.85329;286.528455;286.527875;286.692205;286.58482;286.967975;286.935405;286.67109;286.692315;283.79016;276.78615;276.38389;289.10796
183.79.135.206;FranceIX;267.230427;267.185443;267.201897;267.279439;267.477264;267.339652;267.135539;267.342207;267.224352;267.173583;267.283189;267.331371;267.058438;267.375679;267.219526;267.122446;267.119045;267.263539;267.330027;267.36167;267.232326;267.096446;267.423907;267.341201;267.282018;267.294479;267.155484;267.125669;266.986662;267.344801;267.224832;267.089052;267.1288;267.204867;267.316473;267.2383
183.79.135.206;LISP-Lab;278.07037;279.14487;278.363845;278.056975;278.06498;281.017265;278.465125;277.998725;277.897475;279.745785;278.179765;278.13297;277.826045;279.63514;278.35134;277.82815;278.234895;278.147275;278.01546;286.408915;283.950925;283.358595;278.86509;280.360635;283.428205;285.892805;294.26813;278.28266;278.42744;279.64963;280.040175;295.278045;293.64378;295.697895;278.256345;278.046105
114.134.80.162;FranceIX;260.712793;258.028032;257.742124;257.915992;260.56259;257.855783;258.101148;276.622951;276.603248;258.409491;258.19753;258.148852;258.177445;257.963384;259.648076;258.53238;271.873443;268.07768;267.560106;267.860248;260.926875;259.245998;258.234048;259.339879;258.133376;260.677096;260.915881;270.059869;257.778747;260.630388;258.024667;258.240883;257.961594;258.141976;258.368038;260.13441
114.134.80.162;mPlane;259.138;258.185;263.333;257.898;259.29;257.569;268.11;275.913;276.327;257.555;258.065;257.669;267.056;266.098;258.351;259.855;270.532;267.316;272.86;275.032;260.412;266.952;266.51;260.878;260.524;257.546;259.118;278.927;260.28;266.271;269.807;259.193;259.935;257.766;263.75;259.751
114.134.80.162;LISP-Lab;265.74105;265.28965;265.10081;269.239205;265.026575;265.55475;266.9727;267.27313;268.69355;265.044105;265.237205;265.2107;265.809775;265.42055;269.012455;267.77855;266.213575;266.839595;266.58446;266.81698;278.6485;270.16398;276.69395;270.09312;-1;267.28949;269.109565;270.15924;267.88182;266.10216;265.655725;267.18281;265.731665;278.5343;265.616525;266.784635
114.134.80.162;rmd;303.735735;303.922955;303.377565;325.48861;303.768975;303.871695;303.968565;303.62789;303.486745;303.644225;303.755475;303.49033;303.74792;303.6445;303.69937;303.442775;303.837785;303.75105;303.72507;305.107365;306.59266;305.370925;322.169285;303.818565;314.481245;303.9386;303.680905;305.50197;303.766515;318.694235;303.64002;304.733955;-1;310.971765;309.888175;310.820405
5.255.255.55;mPlane;59.377;66.539;61.391;60.631;59.29;62.712;60.175;59.529;59.265;59.368;64.264;59.412;59.338;65.867;59.29;63.087;63.103;59.385;59.382;60.539;59.343;59.309;59.395;60.921;59.471;60.545;59.353;64.222;63.83;59.328;60.037;59.463;59.27;60.797;65.53;59.27
5.255.255.55;FranceIX;57.51184;57.357474;57.5798;57.932175;58.17942;57.530618;59.037207;57.794972;57.629473;57.800121;57.589206;57.754748;57.511123;57.542138;57.531373;57.459026;57.718455;57.538772;57.774078;57.531598;57.679406;57.567727;57.482405;57.439847;57.653614;57.561898;57.514173;57.962408;57.511244;57.633728;57.660427;57.539807;57.533878;57.985447;57.611455;57.446636
5.255.255.55;rmd;61.21293;61.480225;61.23607;81.99506;61.35594;61.884745;61.52599;61.63151;61.80873;61.464015;61.520875;61.73769;61.998635;61.909335;61.85928;61.76787;61.92002;61.44988;61.49341;61.24373;61.263965;61.65108;61.588445;61.247765;61.372105;61.42906;61.421765;61.56823;61.654345;61.30124;61.70851;61.691935;62.15244;61.82252;61.625445;61.788005
5.255.255.55;LISP-Lab;61.76129;61.76931;62.100295;61.695155;61.64962;61.6821;61.87774;61.948695;61.850345;61.911435;62.679215;61.86946;61.779985;61.74861;68.783095;61.74978;61.797735;61.80367;61.72425;61.66728;66.772605;62.32837;62.437125;61.76044;-1;62.22199;62.2515;67.390015;62.10551;62.23209;62.790085;66.55545;69.363235;67.541995;62.23246;61.98012
180.149.131.31;mPlane;313.225;301.86;306.871;318.967;304.16;303.565;318.471;301.753;302.583;312.435;305.339;299.443;299.227;310.104;376.531;315.338;356.749;300.343;348.724;392.887;378.974;350.915;320.775;378.465;391.688;390.55;414.65;409.895;425.864;401.361;401.716;399.249;403.635;421.171;415.212;406.968
180.149.131.31;FranceIX;295.53056;269.359318;375.861201;290.67634;303.038534;284.914981;274.464748;297.929515;273.054789;346.859708;280.577942;289.970952;263.708774;308.779323;247.676381;258.032036;285.255815;304.216821;376.190391;281.103572;292.155945;295.165802;262.05199;281.704541;282.245044;296.014094;371.322268;338.62739;361.484965;298.208279;283.382739;274.641158;267.753094;289.053047;288.623025;345.998695
180.149.131.31;rmd;195.09564;208.816205;190.258475;199.809695;214.72175;214.063915;202.79032;208.53719;212.24141;190.851345;190.980455;194.546545;190.73827;194.078295;194.500275;208.098695;194.69812;193.46292;201.420935;194.69461;200.56701;198.606525;194.868285;218.50564;193.550875;193.059295;221.3808;204.20207;218.671485;200.99535;194.442265;284.42088;-1;270.439325;269.20909;267.564055
180.149.131.31;LISP-Lab;269.674565;270.737885;289.857465;375.165545;306.46206;277.07301;272.28285;270.474655;302.930095;326.81335;334.908945;366.91368;323.28706;273.880325;271.706665;272.806835;277.069095;275.81101;365.13775;298.96073;431.47159;303.49683;292.13253;304.98398;307.503505;286.683955;314.485495;274.450715;412.39652;290.42788;406.74805;356.0784;341.74;299.60906;307.06009;275.54376
87.240.131.120;mPlane;51.282;51.297;53.992;58.218;63.375;51.204;54.91;51.144;51.203;51.148;57.239;51.979;51.194;51.172;51.232;51.255;56.003;51.344;51.236;51.206;59.792;55.678;51.2;51.193;51.195;53.864;51.157;51.145;54.136;51.175;51.242;51.259;51.147;51.231;56.483;55.124
87.240.131.120;rmd;53.032275;52.67397;72.553785;52.618815;52.71412;52.6042;52.817475;52.64074;52.981935;52.81683;53.059155;52.625865;52.70597;52.628995;52.888455;52.694085;52.731525;52.639475;52.568685;52.931905;52.990415;53.119095;52.666675;52.87641;52.729395;52.791055;53.210535;52.965665;52.858415;52.75719;73.225535;52.73282;-1;46.43218;46.884025;46.345575
87.240.131.120;FranceIX;56.90436;57.273293;57.042689;57.253235;57.093267;57.186117;57.270954;57.690497;57.235465;57.38006;57.202272;57.463441;57.245315;57.221936;57.185378;57.031429;57.211062;57.395788;57.346296;57.227481;57.302858;57.286153;57.226791;57.269004;57.228791;57.191038;57.344616;57.459271;57.222661;57.049298;57.402098;57.228021;57.257905;57.331231;57.202801;57.243325
87.240.131.120;LISP-Lab;57.765125;57.972475;58.14409;58.417445;58.20149;57.853015;57.703325;57.977005;57.9013;58.054845;57.92053;57.676345;57.99381;57.80988;57.685025;58.980045;58.162325;57.834235;57.80965;61.19558;62.08987;58.458135;57.997125;58.4864;-1;58.244075;58.06493;62.79088;57.941095;57.72997;58.20318;58.551395;58.57132;60.5257;60.03467;57.80331
204.79.197.200;FranceIX;9.941467;9.852437;10.026469;9.920018;10.400503;9.684484;9.815313;9.910245;9.78351;9.88981;10.164743;9.962416;10.499803;10.080292;10.191672;10.106776;10.00092;9.867092;10.048198;9.911719;9.872461;9.680174;9.797649;9.998885;9.934773;10.189817;10.063023;9.939103;9.768776;9.876041;10.064767;9.916803;9.774594;9.979471;9.964297;9.876381
204.79.197.200;mPlane;1.561;1.731;1.653;1.526;1.591;3.113;1.85;6.483;1.467;4.985;1.708;1.608;1.601;1.872;1.734;1.714;8.575;1.57;8.453;1.618;10.732;1.67;1.508;11.932;3.359;1.52;1.677;1.686;1.546;1.523;10.308;1.551;1.551;1.858;1.773;4.956
204.79.197.200;LISP-Lab;32.007475;30.87858;30.50421;30.5088;30.683765;30.563645;30.782075;30.924255;30.580635;39.178935;30.50957;30.90255;30.667625;30.906855;32.51028;30.81917;30.74333;30.679245;30.76768;30.84511;37.75792;34.023995;34.204425;30.79475;-1;34.58432;31.205455;30.84977;30.94632;30.913845;33.07139;31.793995;32.9529;40.132645;33.594475;33.67506
204.79.197.200;rmd;2.195495;2.636015;2.096395;2.62701;2.305485;2.12492;2.21619;2.102505;2.405155;2.503245;1.987435;2.188335;2.66589;2.20791;2.09985;1.67544;2.248045;1.93824;1.95381;2.216995;1.84767;1.9222;2.37719;2.23061;2.15898;1.98731;2.149875;2.002275;2.084875;2.173215;2.126395;2.299615;-1;2.359095;1.78365;1.918545
199.16.156.11;FranceIX;92.477979;92.30128;92.275717;92.327494;92.374353;92.254758;92.455853;92.514991;92.347733;92.455509;92.562869;92.372882;92.479913;92.499191;92.380692;92.439854;92.29546;92.55278;92.290901;92.375152;92.30302;92.349938;92.495402;92.507437;92.255233;92.317005;92.348254;92.362278;92.214393;92.369668;92.379117;92.467698;92.308594;92.31705;92.30506;92.359344
199.16.156.11;mPlane;96.282;96.189;93.111;94.501;91.305;101.156;92.888;92.84;92.819;91.069;91.032;95.484;92.849;92.847;94.044;91.103;91.245;91.017;93.011;100.728;93.019;99.435;95.927;92.971;92.992;101.414;93.008;91.067;91.39;95.61;92.915;94.794;103.322;100.684;102.266;95.021
199.16.156.11;LISP-Lab;104.42624;104.467915;103.979785;105.28878;106.78992;106.878735;106.99262;106.97208;106.624895;107.03145;104.165825;104.14101;104.41154;106.811005;107.154655;104.40067;105.593245;105.612835;104.071005;104.03372;108.987295;104.588855;104.228095;104.18241;-1;107.027595;106.81992;108.2654;104.174445;104.0175;104.061815;104.30269;104.941035;103.9336;103.95215;103.840475
199.16.156.11;rmd;110.66744;106.97304;106.968855;109.520485;109.072485;109.00011;107.93536;109.52321;107.941565;109.73927;108.483065;107.781705;109.00224;109.224915;109.15594;110.83437;110.69932;108.97514;109.612695;108.33389;108.237265;109.834635;109.6886;107.929815;108.343075;108.621075;109.502215;107.87337;109.13776;108.96709;108.70406;108.696645;-1;109.593045;109.464535;109.837185
23.235.37.84;mPlane;10.163;14.722;8.444;8.535;8.6;8.295;9.821;8.702;8.651;8.319;8.44;8.483;17.501;8.551;8.382;8.646;8.284;8.36;11.549;8.306;8.402;8.391;10.138;8.414;8.376;8.508;8.539;8.423;17.794;8.355;8.611;8.744;8.5;8.38;9.017;8.458
23.235.37.84;FranceIX;9.701474;9.458084;9.756491;9.637042;9.723523;9.733647;9.607088;9.585053;9.868327;9.811969;9.63977;9.871767;9.700193;9.748796;9.693084;9.729173;9.574444;9.632121;9.849532;9.469325;9.953367;9.648576;9.735447;9.657206;9.651881;9.917355;9.655511;9.88421;9.582674;9.675785;9.807749;9.646841;9.651576;9.860717;9.568239;9.628142
23.235.37.84;rmd;9.38398;9.26258;9.464025;9.329985;9.37876;9.265335;9.29266;9.4832;9.375525;9.66332;9.47594;9.48722;9.43305;9.704545;9.710685;9.8912;9.372275;9.584885;9.385125;9.738575;10.12786;9.23942;10.14;9.567335;9.34599;9.28413;9.47706;10.06632;9.987495;9.58927;9.521675;9.60978;13.183855;9.26893;10.69034;9.202885
23.235.37.84;LISP-Lab;21.31273;21.773045;22.73546;21.30124;20.96408;21.25801;21.000365;21.080525;21.18862;21.22754;21.149565;22.045065;21.26723;22.51744;21.13561;21.6797;21.12506;21.439545;22.690825;20.80643;28.665945;21.24097;21.10359;21.111295;22.25166;22.02825;30.008555;22.203595;21.93177;23.622115;21.418965;38.661105;34.39493;26.340055;20.919125;21.069475
198.11.132.43;FranceIX;149.674714;149.656856;149.157352;149.424465;149.370953;149.549791;149.482123;149.267117;149.57895;149.687119;149.493713;149.605043;149.613023;149.471529;149.393057;149.565385;149.652017;149.532826;149.289111;149.538811;149.544231;149.419945;149.529991;149.396323;149.608178;149.672925;149.727268;149.588035;149.554811;149.377482;149.68971;149.551965;149.577829;149.607412;149.428031;149.857591
198.11.132.43;mPlane;160.406;158.415;158.415;158.363;166.336;158.862;158.439;158.354;158.808;158.362;164.017;165.156;163.515;164.864;165.364;158.439;158.383;166.699;158.398;158.336;160.207;158.445;161.698;158.381;159.511;158.439;160.81;158.345;158.414;158.411;158.425;158.375;158.823;161.884;164.984;158.417
198.11.132.43;LISP-Lab;171.57719;171.751725;171.834805;171.711035;171.828325;171.88139;171.71624;172.11356;171.42429;171.934055;171.788125;171.660655;171.83015;172.21808;172.629225;172.064155;171.97573;172.01142;171.811525;171.77384;173.131725;172.14317;171.98586;174.5023;-1;181.806235;-1;174.541065;172.765035;172.85875;171.779215;189.932715;171.739855;172.390425;172.854045;171.74551
198.11.132.43;rmd;156.861625;156.757605;157.233405;156.910655;156.96833;156.71765;156.90972;156.88935;156.758445;157.21721;157.126265;157.098125;156.89688;156.83329;157.166365;157.140585;156.77742;156.668835;156.880635;156.80368;156.766155;156.970885;156.891795;156.988485;156.692145;156.96297;157.395115;156.948375;156.948695;156.99571;156.77499;157.34194;155.432005;155.6776;155.41991;155.48279
66.235.120.127;FranceIX;84.187348;84.33939;84.316472;85.855996;84.185493;84.168114;86.108254;84.285913;84.191143;85.904683;85.045316;84.143955;84.175629;85.756886;84.844241;84.405814;84.202928;85.609682;86.046642;84.170449;84.717531;84.105272;84.571107;84.24359;84.353056;84.645584;84.246786;85.013582;84.629635;84.311053;84.044739;86.158142;84.278065;84.272074;84.37918;84.143445
66.235.120.127;mPlane;79.069;78.801;82.074;81.923;78.813;78.797;78.845;79.002;78.824;78.913;79.076;78.786;78.944;78.772;86.885;83.507;83.31;84.635;80.492;78.803;78.816;78.858;78.844;79.125;79.274;79.005;78.852;79.432;85.914;78.927;78.855;84.416;78.797;78.884;78.798;78.959
66.235.120.127;LISP-Lab;95.01171;94.476085;94.5681;94.937995;94.739015;94.60871;95.105315;94.825255;95.023985;94.72217;94.54996;94.64957;94.596865;94.76902;94.628915;94.94249;94.698095;94.488175;94.930415;94.64098;105.51541;94.549025;96.01622;96.153385;-1;98.367655;97.91622;94.828555;94.752895;94.83776;94.56449;95.446205;100.53466;103.699385;96.14098;94.6716
66.235.120.127;rmd;82.99768;82.532425;82.490465;82.573605;82.82507;82.42219;82.4821;82.68605;82.462365;82.9308;82.858705;82.39893;82.534355;82.58683;82.52287;82.38409;82.586815;82.548965;82.75352;82.489565;82.952295;82.57166;82.75187;82.715095;82.70106;82.41824;82.547475;83.11093;82.7308;82.370315;82.841835;82.51457;-1;79.399435;79.760445;79.80255
110.75.114.89;FranceIX;380.492984;400.473174;361.002542;347.102482;399.239328;358.415869;423.367693;441.944917;412.509376;441.963884;440.135019;441.444102;398.617745;357.953875;379.379983;360.366675;392.675433;435.446047;397.079332;441.468849;395.350302;438.987019;407.543902;442.487331;428.435039;396.000254;406.991522;389.506502;418.601886;443.00566;392.146573;402.371542;396.880871;426.022044;391.213572;391.852544
110.75.114.89;mPlane;389.029;437.613;411.517;416.064;411.373;446.401;425.736;440.156;447.044;460.031;509.171;459.075;459.85;422.676;459.429;-1;480.398;455.773;511.886;496.333;435.68;506.221;539.167;559.854;534.515;511.297;511.699;514.417;503.686;509.129;578.377;561.755;508.695;517.172;509.892;504.618
110.75.114.89;LISP-Lab;346.758655;345.21042;345.45132;345.44799;340.99857;347.2612;356.901405;320.38874;366.31576;334.048795;357.4884;368.96234;356.60735;356.84207;354.61802;361.42794;359.89057;357.23601;356.417555;355.72883;374.28161;355.145405;362.225135;358.962685;-1;357.73048;-1;360.939245;357.966875;363.356045;357.31488;362.69184;373.98494;368.70279;357.98378;357.1386
110.75.114.89;rmd;358.67264;310.7279;310.40606;310.025745;357.928225;310.466145;347.89515;-1;337.81365;354.46705;359.33298;358.59878;309.23676;309.70483;311.42688;310.10077;358.98304;347.659795;358.04411;323.44153;309.55507;-1;358.51781;359.209265;358.02594;309.435605;324.180855;310.291415;309.933755;358.10333;330.829765;371.312115;-1;308.592285;309.61288;309.26402
74.125.136.191;FranceIX;13.763382;13.508953;13.639742;13.635367;13.625057;13.580185;13.537431;13.928014;13.735918;13.817305;14.034509;13.886711;13.859083;13.412647;13.493874;13.593215;13.504828;13.45747;13.45871;13.618338;13.532352;13.576815;13.505178;13.794075;13.466865;13.570856;13.553936;13.58164;13.44596;13.552306;13.465225;13.557561;13.526537;13.57897;13.608169;13.869967
74.125.136.191;mPlane;16.278;16.597;17.702;16.56;16.432;22.953;18.786;16.426;16.872;16.458;16.168;16.153;24.398;16.222;16.283;16.358;17.907;24.095;16.235;24.375;15.849;15.781;16.072;17.308;16.286;19.244;16.094;16.166;16.248;18.732;19.25;16.11;16.093;25.098;22.463;16.464
74.125.136.191;LISP-Lab;31.12407;30.912665;30.76197;30.83291;30.73731;31.406235;31.409495;31.44267;31.46266;31.4785;31.255795;31.343915;31.34482;30.96991;31.309925;31.31654;31.333135;31.465795;31.36478;31.442275;39.76681;30.91632;39.89676;31.022765;-1;33.49138;31.23712;31.21659;30.893065;30.839395;31.230845;32.57137;31.1408;45.729695;31.3273;31.217545
74.125.136.191;rmd;16.230445;15.81744;16.60399;16.5187;16.761295;16.733905;16.38646;15.8221;16.443715;16.742495;16.509805;16.596345;16.69306;16.642385;15.65668;16.457445;16.30351;16.310025;16.28956;16.36736;16.45244;16.280405;16.701785;16.56361;16.779085;16.8291;15.622785;15.49124;15.652795;15.19216;15.277085;16.091205;-1;16.96595;16.693345;16.55684
192.0.78.17;FranceIX;10.359945;10.150794;10.199511;10.45637;10.317796;10.234435;10.417533;10.193202;10.180057;10.183348;10.368748;10.204746;10.23046;10.179008;10.146309;10.114455;10.270514;10.3579;10.176033;10.096171;10.173658;10.216581;10.202721;10.395443;10.215401;10.342205;10.201606;10.212121;10.113735;10.278778;10.156348;10.241985;10.988272;10.173293;10.23441;10.151989
192.0.78.17;mPlane;10.604;10.817;16.811;10.629;10.607;10.628;10.558;18.94;11.261;10.782;11.528;10.679;10.682;14.009;11.271;10.616;18.801;13.609;10.646;10.585;10.584;10.59;10.601;14.251;10.653;10.604;10.614;19.349;10.807;10.653;12.781;12.581;10.63;18.711;10.58;10.602
192.0.78.17;LISP-Lab;22.09161;22.571395;22.05589;21.84523;22.034935;21.9447;30.376805;22.06637;27.833585;24.8124;21.989215;22.62562;22.026905;21.85044;21.928;22.15298;23.914685;22.153985;21.910585;21.77666;40.524995;31.658665;22.166885;22.325275;-1;23.092105;25.33548;22.551605;22.071285;22.014015;22.342045;23.41332;24.06965;28.784255;23.30251;25.20995
192.0.78.17;rmd;13.092635;12.79217;13.11685;12.96379;12.58424;12.979855;12.711515;12.98286;12.979015;12.656975;12.74368;12.708835;12.628255;12.807415;12.587525;12.6461;12.690285;12.777825;12.58579;12.62844;12.633815;12.780115;13.06142;12.531655;12.94707;12.74104;12.677885;12.739635;12.76045;13.21974;12.77603;12.723925;-1;12.755555;12.58004;12.59733
198.41.209.143;FranceIX;10.062198;9.600671;9.863352;9.707148;9.728922;9.688504;9.824464;9.728502;9.773145;9.645851;9.901035;9.662232;9.652086;9.700504;9.703799;9.610212;9.92064;9.696994;9.99384;9.922264;9.856113;9.984076;9.699444;9.734897;9.855587;9.717538;9.874396;9.949963;9.692434;9.66289;9.713952;9.858027;9.799219;9.782569;9.854622;9.901291
198.41.209.143;mPlane;16.361;10.52;11.948;12.137;17.288;10.556;10.607;12.281;12.506;10.553;10.539;11.207;10.598;11.304;10.546;11.525;17.996;10.515;10.564;10.528;10.552;10.794;10.513;12.538;10.502;10.556;10.594;10.598;10.933;10.534;10.585;10.54;10.623;10.587;10.578;10.536
198.41.209.143;LISP-Lab;18.65462;18.687755;18.77007;19.033415;18.49749;18.727435;18.96622;18.818725;19.00419;19.05025;18.539075;19.470865;19.00485;18.92251;24.974595;20.482545;18.70404;18.707375;18.700135;18.805375;33.762415;24.25904;18.816525;20.104035;-1;18.67812;-1;18.954325;18.908395;18.752055;18.55719;35.818025;19.411035;19.00985;18.73503;18.68993
198.41.209.143;rmd;8.831505;8.666835;8.70525;8.571885;8.632205;8.48626;8.828005;9.34495;8.63746;8.67271;8.945125;9.2079;8.76078;8.686825;8.800475;8.57484;8.99432;8.553185;9.487105;9.552875;8.96961;9.19619;8.7819;9.37213;8.909395;8.808395;9.66558;9.033895;8.988495;9.006275;16.018095;9.61839;15.756005;14.22037;8.818935;8.877455
78.140.191.90;FranceIX;14.041094;13.940045;14.101291;14.377755;14.062243;14.045194;14.292168;14.3837;14.291884;14.087513;14.204987;13.969533;14.37539;14.223552;14.006436;14.110116;14.078648;14.093282;14.235521;14.058614;14.558887;14.010721;14.265415;14.005731;14.260215;14.104562;14.346347;13.944379;14.272705;14.203622;14.272984;14.125841;14.233081;14.442536;14.24811;14.062648
78.140.191.90;mPlane;24.12;17.819;17.716;17.763;17.571;17.558;17.648;17.644;17.876;17.569;17.655;17.955;17.762;26.883;18.763;17.604;17.726;18.929;21.658;17.671;17.632;20.829;17.622;17.658;25.571;22.434;17.584;24.461;17.597;17.983;17.709;17.729;25.813;23.822;17.62;17.772
78.140.191.90;LISP-Lab;29.35734;28.97663;28.92487;28.50046;28.62581;35.04331;28.31994;28.56814;28.990965;28.581485;28.707315;29.03357;28.63167;29.049335;29.13758;28.75119;29.013915;28.7986;29.051235;28.472455;37.26225;31.57751;29.36793;28.699485;-1;33.99058;-1;29.142725;31.221345;29.029695;28.856575;29.545455;32.20872;43.789725;29.481695;28.728045
78.140.191.90;rmd;15.667815;15.528425;15.894765;16.086845;15.74786;15.63129;15.8734;15.79581;15.535;16.130465;15.992255;15.949545;16.13788;16.34812;16.773395;16.788175;16.11355;15.60271;16.380595;16.301235;16.493715;16.550875;15.889405;15.447165;16.28175;16.89635;16.499195;16.454575;15.99216;15.739355;21.37688;16.2538;16.27447;16.625795;16.2229;16.604795
94.100.180.200;mPlane;67.394;58.595;71.916;58.5;67.709;58.564;59.535;58.723;58.416;58.492;58.492;58.614;58.498;62.347;59.97;58.481;59.319;63.845;60.482;63.372;58.483;60.213;58.48;58.435;62.229;58.694;58.442;65.697;58.471;61.786;58.532;58.447;58.488;58.63;58.504;68.755
94.100.180.200;FranceIX;55.728071;55.63603;55.719107;55.66823;55.878986;55.642935;55.976205;55.554823;55.669814;55.485716;55.512566;55.388396;55.601792;55.677834;55.795134;55.927307;55.764645;55.843912;55.889603;55.76119;55.78165;55.590247;55.432334;55.874994;56.071957;55.7738;55.697913;55.88145;55.673665;55.948231;55.75826;55.732576;55.63456;55.804783;55.700137;55.779385
94.100.180.200;rmd;61.58888;61.609255;61.567895;61.33867;61.472335;61.78945;61.70674;61.54603;61.72682;61.53537;61.489075;61.27616;61.363655;61.52025;61.405065;61.52659;61.402895;61.18147;61.26926;61.49037;61.54902;61.659005;61.56261;61.845635;61.42885;62.037825;61.816435;61.30186;61.82971;61.533515;61.17905;61.602595;66.68925;66.75014;66.68391;67.05786
94.100.180.200;LISP-Lab;64.941485;104.23652;64.76932;64.602595;64.895845;65.753035;64.710485;64.650295;65.137095;64.96227;65.43893;66.66161;65.27529;67.65233;64.794185;65.606215;64.721925;65.041485;64.71463;65.45048;69.43468;65.78444;65.718025;64.85014;64.570385;65.4324;72.240985;64.95813;64.76303;65.010095;64.836545;78.540155;83.15719;68.2373;64.638395;64.62806
66.6.41.30;mPlane;84.299;91.974;84.244;84.312;84.308;84.28;88.519;88.953;84.302;84.334;93.384;84.278;89.522;92.908;84.323;84.363;84.258;86.689;84.277;84.423;84.318;84.34;84.306;84.337;84.3;94.038;84.271;84.415;84.313;84.275;84.338;84.295;84.364;84.326;84.352;84.285
66.6.41.30;FranceIX;91.246956;195.600927;233.80202;189.809668;238.461217;141.041606;91.864964;92.031647;91.895638;92.220899;91.887628;91.957549;91.946881;143.704495;91.935436;92.157251;91.796018;91.994424;91.812647;91.932551;91.861079;91.705191;91.863464;91.818327;91.796153;91.925131;91.904157;91.763539;91.892783;92.118073;92.146277;92.136462;92.332384;92.137957;92.462603;92.033437
66.6.41.30;rmd;82.84875;82.73678;82.905485;82.88986;82.82668;83.1261;83.26563;83.295005;83.29406;82.858;82.926815;83.073545;82.86286;83.05617;82.852865;83.44387;82.79864;83.00736;82.88275;83.113215;83.27031;82.84481;82.960545;83.373795;83.47531;83.394415;82.93559;82.917645;82.93558;83.46829;82.90349;82.88211;-1;80.04248;79.73031;80.02478
66.6.41.30;LISP-Lab;108.16573;312.193185;275.73266;297.43588;345.979715;153.055185;105.76988;105.59176;131.42327;105.57637;105.68673;105.58284;106.1122;155.247975;109.03673;105.593275;105.645425;105.61518;105.961315;105.758395;117.09821;105.704375;105.881015;105.355175;105.813745;110.17246;107.542255;107.474425;105.560285;105.64248;105.836665;118.52171;120.685885;107.558175;105.6845;105.558975
123.125.116.19;FranceIX;366.759532;371.126861;480.862983;476.995167;408.827307;352.361898;354.901212;361.72853;374.862803;368.562358;361.051654;369.996745;389.974492;372.612437;375.377547;375.324065;374.278655;377.651012;380.561766;380.068473;380.400563;487.003835;380.383919;380.503928;380.187143;380.657716;379.740412;379.419596;379.719007;377.413689;380.687154;380.159729;476.860572;376.246954;483.35909;483.623568
123.125.116.19;mPlane;331.163;332.288;334.938;331.654;331.416;308.391;331.043;334.093;319.978;332.555;329.057;336.796;333.244;346.412;340.412;331.324;341.577;343.906;340.523;340.223;340.833;341.729;342.018;338.65;339.106;348.448;341.238;339.812;340.093;336.184;338.77;344.016;340.971;339.117;336.802;341.374
123.125.116.19;LISP-Lab;251.027375;250.898115;250.987465;250.881365;250.99549;250.947255;251.265035;250.83656;251.261435;251.30435;250.95316;250.82096;251.01939;251.42746;251.163025;251.08819;251.33996;303.142835;251.16739;251.02672;260.606785;251.795885;250.89746;253.230975;-1;251.031935;250.95967;252.078955;252.02475;252.25788;251.2977;261.14389;261.804155;253.882795;251.035685;250.807335
123.125.116.19;rmd;367.704745;370.35727;338.944625;361.294335;339.49901;369.528465;406.143465;365.72113;364.164375;370.704135;384.305925;381.428335;389.03022;384.6333;385.73018;388.571815;390.16231;383.182685;387.68662;384.455795;390.504785;386.57668;390.43307;390.40012;390.690005;386.64863;415.90313;413.296585;400.74653;390.443755;390.42106;388.113785;-1;383.338945;385.24618;387.44434
185.31.18.193;FranceIX;10.023394;9.901299;10.038783;9.886871;9.858331;9.910535;9.959203;10.125766;9.89685;9.974906;9.888801;9.952248;9.953308;9.881056;10.23122;10.026014;9.908115;9.919818;10.104981;9.851987;10.013604;9.909044;10.017519;9.958316;10.011239;9.98536;9.870617;9.927383;9.939519;9.933594;10.172083;9.89946;9.930239;10.035939;10.071517;10.138904
185.31.18.193;mPlane;8.119;8.189;10.157;10.998;8.208;8.173;8.277;8.382;12.148;8.128;8.314;8.744;8.639;8.263;13.315;8.231;8.582;8.164;8.12;8.265;8.274;8.261;10.567;8.328;8.194;8.286;8.327;9.998;12.68;8.148;8.401;8.57;8.241;8.218;8.115;16.716
185.31.18.193;LISP-Lab;27.58864;27.609685;26.984025;27.307345;27.11033;26.99285;26.60126;27.304665;26.919435;28.63303;27.22587;27.194555;27.28508;27.31557;27.54999;28.341475;27.43868;27.51513;26.93415;27.13167;40.910445;27.183905;30.38806;27.15758;-1;27.392455;27.731825;27.14752;27.07068;27.309345;27.424415;31.303775;27.13052;29.76561;26.874825;27.67344
185.31.18.193;rmd;9.066275;9.209755;9.06487;8.9202;9.358775;9.00089;9.22528;9.019705;9.5497;9.289025;9.10141;9.08053;8.91768;9.331525;9.09038;9.044175;9.160725;9.22871;9.18885;9.664995;9.70454;8.890985;9.391545;9.156995;9.26566;9.7875;9.20796;8.963405;9.431175;9.15138;9.201885;9.41907;10.1757;9.858615;9.857955;9.18094
141.0.174.44;mPlane;13.279;13.257;13.347;13.264;13.319;14.579;16.74;13.342;13.295;13.346;13.322;13.308;13.311;13.316;13.289;17.734;13.411;13.365;13.326;13.542;17.947;14.602;13.42;13.285;13.769;-1;17.335;13.518;13.297;13.283;13.663;14.931;13.289;18.081;13.256;13.406
141.0.174.44;FranceIX;11.767064;11.82084;11.805982;11.722756;11.788863;11.894579;11.950146;12.039671;11.75425;11.716516;11.716866;11.657773;11.872774;11.937621;11.820477;11.979209;11.737306;11.75184;11.823116;11.692007;11.853655;11.938211;11.956469;11.981869;-1;-1;11.760034;11.880269;11.673503;11.729165;11.716606;11.703812;11.884209;11.997623;11.900348;11.766213
141.0.174.44;rmd;15.60982;15.65349;15.72091;15.69865;15.708255;15.90249;15.50073;15.83788;15.80703;15.980335;15.858565;16.264495;16.16563;15.803845;15.58931;16.769795;15.961455;15.89646;15.76031;16.02525;17.854065;16.86386;16.35546;15.95373;16.153275;-1;16.12621;16.37159;15.912105;35.89414;16.303475;15.700555;-1;14.27726;14.7774;13.686215
141.0.174.44;LISP-Lab;25.49044;69.754525;26.12316;26.026165;25.331875;25.352405;24.75547;25.066225;25.665495;34.01834;24.61491;33.94623;25.075085;25.48411;24.989475;26.840355;24.67876;25.80531;24.942855;25.26674;38.265815;25.21388;25.340455;25.0486;-1;38.31946;26.0699;24.969875;29.258035;25.864015;25.556685;35.070805;42.606335;48.905615;31.720415;26.123395
54.149.140.74;mPlane;150.051;155.861;150.007;150.072;149.993;150.526;156.257;150.545;150.645;153.828;150.67;152.168;152.121;152.582;152.197;152.227;151.341;155.972;152.105;152.117;152.145;152.152;150.575;155.517;150.669;150.006;150.888;150.595;154.156;154.21;152.097;151.992;152.084;155.53;150.955;152.144
54.149.140.74;rmd;170.396635;170.76139;170.33785;170.267875;170.87851;170.41088;170.16409;180.5568;180.296025;170.32903;171.141115;170.265515;170.585035;170.51789;170.53266;170.36337;180.32354;170.19091;171.11226;170.477295;170.709;170.00153;170.796055;180.36274;170.39234;170.515245;169.68488;170.239825;170.178745;170.59202;170.358875;169.711785;-1;192.71543;182.072515;182.32832
54.149.140.74;FranceIX;169.625321;169.76892;169.718072;169.440876;169.507557;169.625313;169.575234;169.488268;169.542766;169.704423;169.508302;169.528656;169.654231;169.55318;169.728766;169.720353;169.845746;169.710533;169.614377;169.468714;169.830128;169.761975;169.575905;169.684679;170.766382;169.750331;169.610462;169.741751;169.822473;169.774834;169.746756;169.800259;169.665785;169.775359;169.736852;169.900439
54.149.140.74;LISP-Lab;175.28831;175.367135;177.936525;176.635015;175.625885;179.31329;197.25366;179.27216;190.88465;178.727345;176.164405;178.66621;176.04932;175.530855;175.926815;180.899005;175.546715;175.54265;175.774765;175.40263;200.412005;178.59042;180.985505;175.947325;-1;182.53633;176.39664;218.45002;187.19341;176.27894;180.54163;176.140005;183.454945;183.863595;177.824195;177.396795
106.120.167.66;mPlane;409.09;399.267;393.642;386.346;345.345;322.367;352.643;307.687;307.027;303.657;419.4;358.764;417.259;420.613;396.798;389.788;336.747;410.626;405.145;300.549;409.905;441.615;412.568;416.866;401.719;418.185;401.005;411.77;409.931;416.822;419.632;453.464;430.72;481.888;421.692;400.09
106.120.167.66;rmd;266.85067;198.586465;259.366855;220.887915;195.451595;194.89919;195.895565;195.364855;197.939165;196.170915;229.011665;194.282445;265.74255;196.394915;245.8663;196.275905;203.91817;197.338495;218.34462;196.58235;198.265635;296.667945;192.46337;196.38784;230.458115;196.3145;201.354915;196.173925;256.021575;220.99137;280.039925;352.3512;-1;258.25072;293.82273;265.995565
106.120.167.66;FranceIX;335.270922;335.619616;351.818;366.136753;371.271114;356.367829;341.963255;364.197488;374.172044;364.606599;350.444818;370.434461;352.339835;339.162942;339.250234;372.890565;337.37033;339.54853;362.710068;401.423219;411.894323;388.588712;372.722846;371.126322;426.718312;390.107757;379.89269;370.652871;382.675654;370.234875;396.758316;438.577698;457.259985;432.594148;387.261229;375.586932
106.120.167.66;LISP-Lab;269.551515;305.769455;296.513645;345.02426;289.319925;297.16568;291.243175;315.75201;294.073335;258.0028;339.87701;296.315575;281.781725;340.47146;324.160615;339.29195;272.47789;348.17172;303.58976;260.113565;360.062395;355.634025;318.18381;259.31002;-1;350.876265;334.523745;362.317545;357.65499;357.850535;357.90898;365.28511;366.019405;367.3621;353.239045;357.17729
198.11.132.23;FranceIX;153.218744;153.387618;153.490064;153.316806;153.500198;153.56535;153.557841;153.417717;153.417557;153.270203;153.394148;153.401383;153.615059;153.460625;153.347605;153.522223;153.402192;153.614157;153.479149;153.447126;153.426886;153.421411;153.482954;153.361919;153.533557;153.68639;153.400154;153.389137;153.514687;153.50116;153.388003;153.425071;153.316246;153.442131;153.42464;153.465061
198.11.132.23;mPlane;158.685;158.647;158.563;164.644;158.554;166.667;158.746;158.61;158.554;158.623;162.419;158.728;158.627;158.519;165.082;159.85;158.555;158.578;160.911;158.512;158.539;158.595;159.347;158.671;167.827;158.623;161.28;158.591;158.601;158.746;158.579;158.645;158.571;158.742;160.986;158.754
198.11.132.23;LISP-Lab;174.385615;174.523745;174.258755;174.209075;174.510215;174.29906;174.37056;174.550955;175.3173;173.89894;176.03252;174.61574;174.34911;174.35027;174.48765;174.41738;174.17625;174.129845;174.241265;176.14287;191.458355;184.437375;174.340365;174.29282;-1;175.061595;-1;176.162215;174.953425;174.434705;174.31958;174.594225;183.70006;174.17049;174.3732;174.054795
198.11.132.23;rmd;157.653525;157.45486;157.463675;157.39064;157.99215;157.4382;157.86442;157.65499;157.56126;157.625495;157.518785;157.85381;157.43415;157.58964;157.89869;157.693185;157.57214;157.426865;157.83906;157.694;157.467685;157.809075;157.311;157.41538;157.8214;157.637195;157.95696;157.690455;157.485895;157.736295;157.50166;157.62218;152.917735;153.14544;153.5627;152.95901
199.181.131.249;mPlane;136.809;136.773;136.701;136.812;137.039;142.08;137.158;143.147;137.018;136.685;136.801;136.731;140.999;136.721;136.736;137.209;139.941;140.116;136.675;136.908;136.712;136.728;136.721;136.935;145.712;136.796;137.641;137.859;137.006;145.67;140.206;136.782;141.78;137.043;138.289;136.764
199.181.131.249;rmd;144.545025;144.212765;144.560725;144.23875;144.459015;144.19167;144.196975;144.511125;144.0282;144.410675;144.125345;144.36253;144.41677;144.66956;144.5455;144.18622;144.34249;144.691185;144.21048;144.46853;144.232765;144.28324;144.51861;144.55944;144.147535;144.20843;144.222605;144.677885;144.571185;144.690955;144.10033;144.203965;-1;144.27735;144.35064;144.10243
199.181.131.249;FranceIX;152.218783;152.126498;152.133262;152.180846;152.110993;152.29974;152.254102;152.267901;152.161451;152.195339;152.370176;152.061996;152.129097;152.130197;152.258712;152.108794;152.267787;152.215424;152.344783;152.081684;152.375712;152.123813;152.293006;152.486133;152.196549;152.099643;152.084085;152.075515;152.094744;152.210254;152.174401;152.549411;152.188395;152.463218;152.276047;152.115354
199.181.131.249;LISP-Lab;153.6269;153.986285;154.18983;153.97886;153.692315;154.033235;159.339;153.63708;154.39774;153.960215;154.036985;155.297975;154.067545;154.278485;155.91993;154.36802;154.14702;153.504615;154.082405;153.9827;160.263555;153.76215;153.615355;154.821155;157.875615;171.386215;154.655155;154.962735;154.02744;156.10988;153.650465;162.23211;172.0736;154.82339;153.69247;153.67363
198.252.206.16;FranceIX;72.859681;72.832117;72.945902;72.845872;72.807124;72.858516;72.985105;72.993835;72.863032;73.064756;73.047113;72.780615;72.922202;72.660015;72.663681;72.901479;73.055492;72.81107;72.99369;72.942282;72.931937;72.894764;72.883861;72.936467;72.940727;72.825258;72.847012;72.903629;72.882584;72.911808;72.738467;72.911323;72.809359;72.855516;73.049307;72.755921
198.252.206.16;mPlane;86.736;86.54;86.474;86.504;86.67;86.808;86.788;88.155;86.91;86.525;86.815;86.719;86.579;89.12;86.529;86.74;86.615;91.487;86.628;86.566;86.72;86.513;86.599;86.806;90.961;88.689;86.631;86.585;86.708;86.559;86.604;86.565;86.688;91.746;86.695;86.654
198.252.206.16;LISP-Lab;85.585875;84.90106;84.8749;85.162025;85.03767;85.02651;84.952175;85.20241;85.02983;84.952095;85.132675;85.62132;84.95718;85.222855;85.3679;85.06173;85.12271;85.44065;85.04517;84.84432;94.66938;85.00148;87.20543;85.22706;-1;88.44214;107.489755;87.55599;85.134915;85.18104;86.28777;86.033175;86.15747;101.783615;86.98542;86.29234
198.252.206.16;rmd;75.884115;75.98498;76.16142;96.545875;75.900955;76.52134;76.12673;75.90871;76.07742;76.57958;76.0296;75.854755;75.949025;76.06656;76.198095;76.325995;76.209405;76.37945;76.603645;76.18886;76.02537;76.37662;76.0107;76.075015;76.101565;76.01025;76.095005;76.11285;76.08449;76.16658;76.15447;75.94664;-1;89.380875;89.65987;89.28934
217.20.147.94;mPlane;55.439;55.375;55.39;55.345;55.434;55.898;57.91;55.417;64.229;55.521;55.362;55.384;55.445;60.395;55.323;55.466;55.381;55.363;55.407;55.574;62.524;55.39;63.939;55.397;55.363;55.36;55.514;55.412;55.345;55.346;55.6;58.97;57.169;63.926;55.355;56.012
217.20.147.94;rmd;62.686595;63.061565;62.532395;62.598335;62.802395;62.84516;62.62544;62.40916;63.012895;62.75135;62.823135;62.560785;62.646375;62.743855;63.2168;106.13377;74.483975;80.089975;62.772035;76.656615;62.59988;64.54852;153.715095;62.68433;62.592725;62.619085;62.49388;62.919545;62.786755;62.67685;153.110555;159.290725;61.855135;61.72795;74.40209;64.263975
217.20.147.94;FranceIX;52.706043;53.036253;52.694063;52.706293;52.90066;52.707663;52.834478;52.78179;52.811893;52.663075;52.981861;52.958017;52.968711;52.960706;52.742731;52.78607;52.589133;52.898784;52.816739;52.819198;52.721978;52.68088;52.647965;52.894574;52.784439;52.958621;52.943977;53.092995;52.914803;53.020833;53.018049;52.702273;52.936948;53.012459;52.950631;53.111055
217.20.147.94;LISP-Lab;71.463915;71.36643;71.49653;71.543255;71.554275;71.663185;71.6621;71.433995;71.513405;71.412685;71.48665;71.20256;71.822905;71.684675;71.745245;71.53227;71.389575;71.825565;71.43281;71.513515;73.200385;71.49406;71.56763;71.39881;71.47926;71.51706;78.623785;71.4894;71.40682;71.690415;71.646035;86.88891;89.87627;80.62406;71.63738;71.65776
208.82.238.129;mPlane;157.8;155.54;156.603;161.84;165.77;156.192;155.494;155.466;159.021;156.687;155.371;158.747;156.411;157.491;156.255;155.343;164.117;155.405;155.513;155.357;155.407;160.841;155.393;155.381;155.389;155.412;155.381;156.199;155.318;161.114;155.909;155.395;157.189;155.393;155.401;156.866
208.82.238.129;rmd;153.51647;153.502055;153.818835;153.39167;153.874205;153.48821;153.65615;153.87217;153.48322;153.4899;153.742445;153.24269;153.57667;153.55319;153.66928;153.67962;153.51256;153.811275;153.336555;153.953625;153.60641;153.971955;153.677665;153.725655;153.733415;153.885825;153.56007;153.509595;153.758915;154.015635;153.327235;153.444355;153.62775;153.5223;153.5283;153.66027
208.82.238.129;FranceIX;150.068647;150.253214;150.225835;150.22676;150.260759;150.356504;150.278048;150.073207;150.198622;150.24896;150.279548;150.409887;150.417743;150.500245;150.197817;150.279093;150.145184;150.517818;150.401853;150.374694;150.3555;150.326867;150.37034;150.225696;150.518439;150.532193;150.528517;150.405714;150.074452;150.290832;150.599584;150.473444;150.409747;150.110095;150.300393;150.110461
208.82.238.129;LISP-Lab;165.404585;164.541815;165.062775;164.852285;164.562805;164.6768;164.760775;165.43608;165.39079;164.75554;164.68962;164.760945;164.923265;164.97139;164.9812;164.54269;164.95838;164.949955;164.8708;164.77033;179.906735;167.50461;164.673145;164.81411;169.22014;165.106535;166.852165;164.84145;165.109005;169.07359;165.655505;175.75775;168.12448;165.073175;165.438195;164.577335
